#
# There is insufficient memory for the Java Runtime Environment to continue.
# Native memory allocation (mmap) failed to map 65536 bytes. Error detail: Failed to commit metaspace.
# Possible reasons:
#   The system is out of physical RAM or swap space
#   This process is running with CompressedOops enabled, and the Java Heap may be blocking the growth of the native heap
# Possible solutions:
#   Reduce memory load on the system
#   Increase physical memory or swap space
#   Check if swap backing store is full
#   Decrease Java heap size (-Xmx/-Xms)
#   Decrease number of Java threads
#   Decrease Java thread stack sizes (-Xss)
#   Set larger code cache with -XX:ReservedCodeCacheSize=
#   JVM is running with Unscaled Compressed Oops mode in which the Java heap is
#     placed in the first 4GB address space. The Java Heap base address is the
#     maximum limit for the native heap growth. Please use -XX:HeapBaseMinAddress
#     to set the Java Heap base and to place the Java Heap above 4GB virtual address.
# This output file may be truncated or incomplete.
#
#  Out of Memory Error (virtualSpaceNode.cpp:113), pid=33060, tid=59840
#
# JRE version: OpenJDK Runtime Environment Temurin-21.0.12.1+1 (21.0.12.1+1) (build 21.0.12.1+1-LTS)
# Java VM: OpenJDK 64-Bit Server VM Temurin-21.0.12.1+1 (21.0.12.1+1-LTS, mixed mode, sharing, tiered, compressed oops, compressed class ptrs, g1 gc, windows-amd64)
# No core dump will be written. Minidumps are not enabled by default on client versions of Windows
#

---------------  S U M M A R Y ------------

Command Line: --add-opens=java.base/java.lang=ALL-UNNAMED --add-opens=java.base/java.lang.invoke=ALL-UNNAMED --add-opens=java.base/java.util=ALL-UNNAMED --add-opens=java.prefs/java.util.prefs=ALL-UNNAMED --add-exports=jdk.compiler/com.sun.tools.javac.api=ALL-UNNAMED --add-exports=jdk.compiler/com.sun.tools.javac.util=ALL-UNNAMED --add-opens=java.base/java.nio.charset=ALL-UNNAMED --add-opens=java.base/java.net=ALL-UNNAMED --add-opens=java.base/java.util.concurrent=ALL-UNNAMED --add-opens=java.base/java.util.concurrent.atomic=ALL-UNNAMED --add-opens=java.xml/javax.xml.namespace=ALL-UNNAMED --add-opens=java.base/java.time=ALL-UNNAMED -XX:MaxMetaspaceSize=384m -XX:+HeapDumpOnOutOfMemoryError -Xms256m -Xmx512m -Dfile.encoding=UTF-8 -Duser.country=ES -Duser.language=es -Duser.variant -javaagent:C:\Users\isabo\.gradle\wrapper\dists\gradle-9.5.1-bin\iq79hdu3mqx29lgffhp8bfmx\gradle-9.5.1\lib\agents\gradle-instrumentation-agent-9.5.1.jar org.gradle.launcher.daemon.bootstrap.GradleDaemon 9.5.1

Host: Intel(R) Core(TM) i5-1035G1 CPU @ 1.00GHz, 8 cores, 7G,  Windows 11 , 64 bit Build 26100 (10.0.26100.9444)
Time: Tue Sep 15 13:21:45 2026 Hora de verano romance elapsed time: 30.089077 seconds (0d 0h 0m 30s)

---------------  T H R E A D  ---------------

Current thread (0x0000027c7a5056e0):  JavaThread "Daemon worker"        [_thread_in_vm, id=59840, stack(0x000000d916b00000,0x000000d916c00000) (1024K)]

Stack: [0x000000d916b00000,0x000000d916c00000]
Native frames: (J=compiled Java code, j=interpreted, Vv=VM code, C=native code)
V  [jvm.dll+0x6d83e9]
V  [jvm.dll+0x8b5736]
V  [jvm.dll+0x8b7cee]
V  [jvm.dll+0x8b83d3]
V  [jvm.dll+0x284596]
V  [jvm.dll+0x8b147e]
V  [jvm.dll+0x679ad4]
V  [jvm.dll+0x1e849b]
V  [jvm.dll+0x1e825e]
V  [jvm.dll+0x67c3d2]
V  [jvm.dll+0x67c202]
V  [jvm.dll+0x67a4ae]
V  [jvm.dll+0x684758]
V  [jvm.dll+0x21973e]
V  [jvm.dll+0x219be5]
V  [jvm.dll+0x21a5d8]
V  [jvm.dll+0x20f80e]
V  [jvm.dll+0x5b6a7f]
V  [jvm.dll+0x82f606]
V  [jvm.dll+0x4792f8]
V  [jvm.dll+0x47f128]
C  [java.dll+0x17ec]

Java frames: (J=compiled Java code, j=interpreted, Vv=VM code)
J 743  java.lang.ClassLoader.defineClass1(Ljava/lang/ClassLoader;Ljava/lang/String;[BIILjava/security/ProtectionDomain;Ljava/lang/String;)Ljava/lang/Class; java.base@21.0.12.1 (0 bytes) @ 0x0000027c07b1ca11 [0x0000027c07b1c940+0x00000000000000d1]
J 1192 c1 java.lang.ClassLoader.defineClass(Ljava/lang/String;[BIILjava/security/ProtectionDomain;)Ljava/lang/Class; java.base@21.0.12.1 (43 bytes) @ 0x0000027c00203af4 [0x0000027c002037a0+0x0000000000000354]
J 1135 c1 java.security.SecureClassLoader.defineClass(Ljava/lang/String;[BIILjava/security/CodeSource;)Ljava/lang/Class; java.base@21.0.12.1 (16 bytes) @ 0x0000027c001eb19c [0x0000027c001eb0c0+0x00000000000000dc]
J 1019 c1 java.net.URLClassLoader.defineClass(Ljava/lang/String;Ljdk/internal/loader/Resource;)Ljava/lang/Class; java.base@21.0.12.1 (224 bytes) @ 0x0000027c001bb6c4 [0x0000027c001b9f80+0x0000000000001744]
J 912 c1 java.net.URLClassLoader$1.run()Ljava/lang/Class; java.base@21.0.12.1 (81 bytes) @ 0x0000027c001814ec [0x0000027c001808c0+0x0000000000000c2c]
J 844 c1 java.net.URLClassLoader$1.run()Ljava/lang/Object; java.base@21.0.12.1 (5 bytes) @ 0x0000027c0015b6d4 [0x0000027c0015b640+0x0000000000000094]
J 2978 c2 java.security.AccessController.doPrivileged(Ljava/security/PrivilegedExceptionAction;Ljava/security/AccessControlContext;)Ljava/lang/Object; java.base@21.0.12.1 (26 bytes) @ 0x0000027c07c11420 [0x0000027c07c113c0+0x0000000000000060]
J 795 c1 java.net.URLClassLoader.findClass(Ljava/lang/String;)Ljava/lang/Class; java.base@21.0.12.1 (47 bytes) @ 0x0000027c0014884c [0x0000027c001486a0+0x00000000000001ac]
J 2996 c2 java.lang.ClassLoader.loadClass(Ljava/lang/String;Z)Ljava/lang/Class; java.base@21.0.12.1 (121 bytes) @ 0x0000027c07c1724c [0x0000027c07c14020+0x000000000000322c]
J 757 c1 java.lang.ClassLoader.loadClass(Ljava/lang/String;)Ljava/lang/Class; java.base@21.0.12.1 (7 bytes) @ 0x0000027c0013d0d4 [0x0000027c0013cfc0+0x0000000000000114]
v  ~StubRoutines::call_stub 0x0000027c075310e7
j  org.gradle.internal.operations.DefaultBuildOperationListenerManager$ProgressShieldingBuildOperationListener.<init>(Lorg/gradle/internal/operations/BuildOperationListener;)V+12
j  org.gradle.internal.operations.DefaultBuildOperationListenerManager$ProgressShieldingBuildOperationListener.<init>(Lorg/gradle/internal/operations/BuildOperationListener;Lorg/gradle/internal/operations/DefaultBuildOperationListenerManager$1;)V+2
j  org.gradle.internal.operations.DefaultBuildOperationListenerManager.lambda$addListener$0(Lorg/gradle/internal/operations/BuildOperationListener;Lcom/google/common/collect/ImmutableList;)Lcom/google/common/collect/ImmutableList;+19
j  org.gradle.internal.operations.DefaultBuildOperationListenerManager$$Lambda+0x0000027c102c2fb8.apply(Ljava/lang/Object;)Ljava/lang/Object;+8
J 2974 c1 java.util.concurrent.atomic.AtomicReference.updateAndGet(Ljava/util/function/UnaryOperator;)Ljava/lang/Object; java.base@21.0.12.1 (54 bytes) @ 0x0000027c005bd974 [0x0000027c005bd7e0+0x0000000000000194]
j  org.gradle.internal.operations.DefaultBuildOperationListenerManager.addListener(Lorg/gradle/internal/operations/BuildOperationListener;)V+10
j  org.gradle.internal.build.event.BuildEventServices$1.createBuildOperationAncestryTracker(Lorg/gradle/internal/operations/BuildOperationListenerManager;)Lorg/gradle/internal/operations/BuildOperationAncestryTracker;+10
j  java.lang.invoke.LambdaForm$DMH+0x0000027c1003a400.invokeVirtual(Ljava/lang/Object;Ljava/lang/Object;Ljava/lang/Object;)Ljava/lang/Object;+11 java.base@21.0.12.1
j  java.lang.invoke.LambdaForm$MH+0x0000027c100a4400.invoke(Ljava/lang/Object;Ljava/lang/Object;Ljava/lang/Object;)Ljava/lang/Object;+52 java.base@21.0.12.1
J 2135 c1 jdk.internal.reflect.DirectMethodHandleAccessor.invoke(Ljava/lang/Object;[Ljava/lang/Object;)Ljava/lang/Object; java.base@21.0.12.1 (92 bytes) @ 0x0000027c00418b3c [0x0000027c00416f40+0x0000000000001bfc]
J 2134 c1 java.lang.reflect.Method.invoke(Ljava/lang/Object;[Ljava/lang/Object;)Ljava/lang/Object; java.base@21.0.12.1 (108 bytes) @ 0x0000027c004166d4 [0x0000027c004161c0+0x0000000000000514]
j  org.gradle.internal.reflect.JavaMethod.invoke(Ljava/lang/Object;[Ljava/lang/Object;)Ljava/lang/Object;+6
j  org.gradle.internal.service.ReflectionBasedServiceMethod.invoke(Ljava/lang/Object;[Ljava/lang/Object;)Ljava/lang/Object;+6
j  org.gradle.internal.service.DefaultServiceRegistry$FactoryMethodService.invokeMethod([Ljava/lang/Object;)Ljava/lang/Object;+28
j  org.gradle.internal.service.DefaultServiceRegistry$FactoryService.createServiceInstance()Ljava/lang/Object;+7
j  org.gradle.internal.service.DefaultServiceRegistry$FactoryMethodService.createServiceInstance()Ljava/lang/Object;+1
J 3116 c1 org.gradle.internal.service.DefaultServiceRegistry$ManagedObjectServiceProvider.getInstance()Ljava/lang/Object; (44 bytes) @ 0x0000027c0060ae0c [0x0000027c0060ac60+0x00000000000001ac]
J 2941 c1 org.gradle.internal.service.DefaultServiceRegistry$SingletonService.get()Ljava/lang/Object; (5 bytes) @ 0x0000027c005a703c [0x0000027c005a6fc0+0x000000000000007c]
j  org.gradle.internal.service.DefaultServiceRegistry$FactoryService.assembleParameters()[Ljava/lang/Object;+75
j  org.gradle.internal.service.DefaultServiceRegistry$FactoryService.createServiceInstance()Ljava/lang/Object;+1
j  org.gradle.internal.service.DefaultServiceRegistry$ConstructorService.createServiceInstance()Ljava/lang/Object;+1
J 3116 c1 org.gradle.internal.service.DefaultServiceRegistry$ManagedObjectServiceProvider.getInstance()Ljava/lang/Object; (44 bytes) @ 0x0000027c0060ae0c [0x0000027c0060ac60+0x00000000000001ac]
J 2941 c1 org.gradle.internal.service.DefaultServiceRegistry$SingletonService.get()Ljava/lang/Object; (5 bytes) @ 0x0000027c005a703c [0x0000027c005a6fc0+0x000000000000007c]
j  org.gradle.internal.service.DefaultServiceRegistry$FactoryService.assembleParameters()[Ljava/lang/Object;+75
j  org.gradle.internal.service.DefaultServiceRegistry$FactoryService.createServiceInstance()Ljava/lang/Object;+1
j  org.gradle.internal.service.DefaultServiceRegistry$FactoryMethodService.createServiceInstance()Ljava/lang/Object;+1
J 3116 c1 org.gradle.internal.service.DefaultServiceRegistry$ManagedObjectServiceProvider.getInstance()Ljava/lang/Object; (44 bytes) @ 0x0000027c0060ae0c [0x0000027c0060ac60+0x00000000000001ac]
J 2941 c1 org.gradle.internal.service.DefaultServiceRegistry$SingletonService.get()Ljava/lang/Object; (5 bytes) @ 0x0000027c005a703c [0x0000027c005a6fc0+0x000000000000007c]
j  org.gradle.internal.service.DefaultServiceRegistry.find(Ljava/lang/reflect/Type;)Ljava/lang/Object;+22
j  org.gradle.internal.service.DefaultServiceRegistry.get(Ljava/lang/reflect/Type;)Ljava/lang/Object;+2
j  org.gradle.internal.service.DefaultServiceRegistry.get(Ljava/lang/Class;)Ljava/lang/Object;+3
j  org.gradle.internal.session.DefaultBuildSessionContext.execute(Lorg/gradle/internal/invocation/BuildAction;)Lorg/gradle/internal/buildtree/BuildActionRunner$Result;+54
j  org.gradle.internal.buildprocess.execution.BuildSessionLifecycleBuildActionExecutor$ActionImpl.apply(Lorg/gradle/internal/session/BuildSessionContext;)Lorg/gradle/launcher/exec/BuildActionResult;+6
j  org.gradle.internal.buildprocess.execution.BuildSessionLifecycleBuildActionExecutor$ActionImpl.apply(Ljava/lang/Object;)Ljava/lang/Object;+5
j  org.gradle.internal.session.BuildSessionState.run(Ljava/util/function/Function;)Ljava/lang/Object;+5
j  org.gradle.internal.buildprocess.execution.BuildSessionLifecycleBuildActionExecutor.execute(Lorg/gradle/internal/invocation/BuildAction;Lorg/gradle/launcher/exec/BuildActionParameters;Lorg/gradle/initialization/BuildRequestContext;)Lorg/gradle/launcher/exec/BuildActionResult;+105
j  org.gradle.internal.buildprocess.execution.BuildSessionLifecycleBuildActionExecutor.execute(Lorg/gradle/internal/invocation/BuildAction;Ljava/lang/Object;Ljava/lang/Object;)Lorg/gradle/launcher/exec/BuildActionResult;+10
j  org.gradle.internal.buildprocess.execution.StartParamsValidatingActionExecutor.execute(Lorg/gradle/internal/invocation/BuildAction;Lorg/gradle/launcher/exec/BuildActionParameters;Lorg/gradle/initialization/BuildRequestContext;)Lorg/gradle/launcher/exec/BuildActionResult;+142
j  org.gradle.internal.buildprocess.execution.StartParamsValidatingActionExecutor.execute(Lorg/gradle/internal/invocation/BuildAction;Ljava/lang/Object;Ljava/lang/Object;)Lorg/gradle/launcher/exec/BuildActionResult;+10
j  org.gradle.internal.buildprocess.execution.SessionFailureReportingActionExecutor.execute(Lorg/gradle/internal/invocation/BuildAction;Lorg/gradle/launcher/exec/BuildActionParameters;Lorg/gradle/initialization/BuildRequestContext;)Lorg/gradle/launcher/exec/BuildActionResult;+7
j  org.gradle.internal.buildprocess.execution.SessionFailureReportingActionExecutor.execute(Lorg/gradle/internal/invocation/BuildAction;Ljava/lang/Object;Ljava/lang/Object;)Lorg/gradle/launcher/exec/BuildActionResult;+10
j  org.gradle.internal.buildprocess.execution.SetupLoggingActionExecutor.execute(Lorg/gradle/internal/invocation/BuildAction;Lorg/gradle/launcher/exec/BuildActionParameters;Lorg/gradle/initialization/BuildRequestContext;)Lorg/gradle/launcher/exec/BuildActionResult;+50
j  org.gradle.internal.buildprocess.execution.SetupLoggingActionExecutor.execute(Lorg/gradle/internal/invocation/BuildAction;Ljava/lang/Object;Ljava/lang/Object;)Lorg/gradle/launcher/exec/BuildActionResult;+10
j  org.gradle.launcher.daemon.server.exec.ExecuteBuild.doBuild(Lorg/gradle/launcher/daemon/server/api/DaemonCommandExecution;Lorg/gradle/launcher/daemon/protocol/Build;)V+147
j  org.gradle.launcher.daemon.server.exec.BuildCommandOnly.execute(Lorg/gradle/launcher/daemon/server/api/DaemonCommandExecution;)V+49
j  org.gradle.launcher.daemon.server.api.DaemonCommandExecution.proceed()Z+23
j  org.gradle.launcher.daemon.server.exec.WatchForDisconnection.execute(Lorg/gradle/launcher/daemon/server/api/DaemonCommandExecution;)V+19
j  org.gradle.launcher.daemon.server.api.DaemonCommandExecution.proceed()Z+23
j  org.gradle.launcher.daemon.server.exec.ResetDeprecationLogger.execute(Lorg/gradle/launcher/daemon/server/api/DaemonCommandExecution;)V+7
j  org.gradle.launcher.daemon.server.api.DaemonCommandExecution.proceed()Z+23
j  org.gradle.launcher.daemon.server.exec.RequestStopIfSingleUsedDaemon.execute(Lorg/gradle/launcher/daemon/server/api/DaemonCommandExecution;)V+33
j  org.gradle.launcher.daemon.server.api.DaemonCommandExecution.proceed()Z+23
j  org.gradle.launcher.daemon.server.exec.ForwardClientInput.lambda$execute$0(Lorg/gradle/launcher/daemon/server/api/DaemonCommandExecution;Lorg/gradle/internal/daemon/clientinput/StdinHandler;)Ljava/lang/Object;+11
j  org.gradle.launcher.daemon.server.exec.ForwardClientInput$$Lambda+0x0000027c10194ff8.apply(Ljava/lang/Object;)Ljava/lang/Object;+8
j  org.gradle.internal.daemon.clientinput.ClientInputForwarder.forwardInput(Ljava/util/function/Function;)Ljava/lang/Object;+46
j  org.gradle.launcher.daemon.server.exec.ForwardClientInput.execute(Lorg/gradle/launcher/daemon/server/api/DaemonCommandExecution;)V+10
j  org.gradle.launcher.daemon.server.api.DaemonCommandExecution.proceed()Z+23
j  org.gradle.launcher.daemon.server.exec.LogAndCheckHealth.execute(Lorg/gradle/launcher/daemon/server/api/DaemonCommandExecution;)V+51
j  org.gradle.launcher.daemon.server.api.DaemonCommandExecution.proceed()Z+23
j  org.gradle.launcher.daemon.server.exec.LogToClient.doBuild(Lorg/gradle/launcher/daemon/server/api/DaemonCommandExecution;Lorg/gradle/launcher/daemon/protocol/Build;)V+87
j  org.gradle.launcher.daemon.server.exec.BuildCommandOnly.execute(Lorg/gradle/launcher/daemon/server/api/DaemonCommandExecution;)V+49
j  org.gradle.launcher.daemon.server.api.DaemonCommandExecution.proceed()Z+23
j  org.gradle.launcher.daemon.server.exec.EstablishBuildEnvironment.doBuild(Lorg/gradle/launcher/daemon/server/api/DaemonCommandExecution;Lorg/gradle/launcher/daemon/protocol/Build;)V+356
j  org.gradle.launcher.daemon.server.exec.BuildCommandOnly.execute(Lorg/gradle/launcher/daemon/server/api/DaemonCommandExecution;)V+49
j  org.gradle.launcher.daemon.server.api.DaemonCommandExecution.proceed()Z+23
j  org.gradle.launcher.daemon.server.exec.StartBuildOrRespondWithBusy$1.run()V+44
j  org.gradle.launcher.daemon.server.DaemonStateCoordinator.lambda$runCommand$0(Ljava/lang/Runnable;)V+1
j  org.gradle.launcher.daemon.server.DaemonStateCoordinator$$Lambda+0x0000027c10193b88.run()V+8
j  org.gradle.internal.concurrent.ExecutorPolicy$CatchAndRecordFailures.onExecute(Ljava/lang/Runnable;)V+1
j  org.gradle.internal.concurrent.AbstractManagedExecutor$1.run()V+25
j  java.util.concurrent.ThreadPoolExecutor.runWorker(Ljava/util/concurrent/ThreadPoolExecutor$Worker;)V+92 java.base@21.0.12.1
j  java.util.concurrent.ThreadPoolExecutor$Worker.run()V+5 java.base@21.0.12.1
j  java.lang.Thread.runWith(Ljava/lang/Object;Ljava/lang/Runnable;)V+5 java.base@21.0.12.1
j  java.lang.Thread.run()V+19 java.base@21.0.12.1
v  ~StubRoutines::call_stub 0x0000027c075310e7

Compiled method (n/a) 30671  743     n 0       java.lang.ClassLoader::defineClass1 (native)
 total in heap  [0x0000027c07b1c790,0x0000027c07b1ce28] = 1688
 relocation     [0x0000027c07b1c8f0,0x0000027c07b1c928] = 56
 main code      [0x0000027c07b1c940,0x0000027c07b1ce27] = 1255
 stub code      [0x0000027c07b1ce27,0x0000027c07b1ce28] = 1

[Constant Pool (empty)]

[MachCode]
[Entry Point]
  # {method} {0x0000027c0f434c38} 'defineClass1' '(Ljava/lang/ClassLoader;Ljava/lang/String;[BIILjava/security/ProtectionDomain;Ljava/lang/String;)Ljava/lang/Class;' in 'java/lang/ClassLoader'
  # parm0:    rdx:rdx   = 'java/lang/ClassLoader'
  # parm1:    r8:r8     = 'java/lang/String'
  # parm2:    r9:r9     = '[B'
  # parm3:    rdi       = int
  # parm4:    rsi       = int
  # parm5:    rcx:rcx   = 'java/security/ProtectionDomain'
  # parm6:    [sp+0xa0]   = 'java/lang/String'  (sp of caller)
  0x0000027c07b1c940: 448b 5208 | 49bb 0000 | 000f 7c02 | 0000 4d03 | d349 3bc2 | 0f84 0600 

  0x0000027c07b1c958: ;   {runtime_call ic_miss_stub}
  0x0000027c07b1c958: 0000 e921 | 20a6 ff90 
[Verified Entry Point]
  0x0000027c07b1c960: 8984 2400 | 80ff ff55 | 488b ec48 | 81ec 9000 | 0000 6690 | 4181 7f20 | 0100 0000 

  0x0000027c07b1c97c: ;   {runtime_call StubRoutines (final stubs)}
  0x0000027c07b1c97c: 7405 e81d | b9a4 ff48 | 837d 1000 | 488d 4510 | 480f 4445 | 1048 8944 | 2440 4889 | 4c24 7048 
  0x0000027c07b1c99c: 83f9 0048 | 8d44 2470 | 480f 4444 | 2470 4889 | 4424 3848 | 8974 2430 | 4889 7c24 | 284c 894c 
  0x0000027c07b1c9bc: 2458 4983 | f900 488d | 4424 5848 | 0f44 4424 | 5848 8944 | 2420 4c89 | 4424 5049 | 83f8 004c 
  0x0000027c07b1c9dc: 8d4c 2450 | 4c0f 444c | 2450 4889 | 5424 4848 | 83fa 004c | 8d44 2448 | 4c0f 4444 

  0x0000027c07b1c9f8: ;   {oop(a 'java/lang/Class'{0x00000000e06c3938} = 'java/lang/ClassLoader')}
  0x0000027c07b1c9f8: 2448 49be | 3839 6ce0 | 0000 0000 | 4c89 7424 | 784c 8d74 | 2478 498b | d6c5 f877 

  0x0000027c07b1ca14: ;   {internal_word}
  0x0000027c07b1ca14: 49ba 11ca | b107 7c02 | 0000 4d89 | 97a8 0300 | 0049 89a7 | a003 0000 

  0x0000027c07b1ca2c: ;   {external_word}
  0x0000027c07b1ca2c: 49ba 066d | fba5 fd7f | 0000 4180 | 3a00 0f84 | 4e00 0000 | 5241 5041 

  0x0000027c07b1ca44: ;   {metadata({method} {0x0000027c0f434c38} 'defineClass1' '(Ljava/lang/ClassLoader;Ljava/lang/String;[BIILjava/security/ProtectionDomain;Ljava/lang/String;)Ljava/lang/Class;' in 'java/lang/ClassLoader')}
  0x0000027c07b1ca44: 5148 ba30 | 4c43 0f7c | 0200 0049 | 8bcf 4883 | ec20 40f6 | c40f 0f84 | 1900 0000 | 4883 ec08 
  0x0000027c07b1ca64: ;   {runtime_call}
  0x0000027c07b1ca64: 48b8 e0ea | a4a5 fd7f | 0000 ffd0 | 4883 c408 | e90c 0000 

  0x0000027c07b1ca78: ;   {runtime_call}
  0x0000027c07b1ca78: 0048 b8e0 | eaa4 a5fd | 7f00 00ff | d048 83c4 | 2041 5941 | 585a 498d | 8fc0 0300 | 0041 c787 
  0x0000027c07b1ca98: 4c04 0000 | 0400 0000 

  0x0000027c07b1caa0: ;   {runtime_call}
  0x0000027c07b1caa0: 48b8 ac16 | a141 fe7f | 0000 ffd0 | c5f8 7741 | c787 4c04 | 0000 0500 | 0000 f083 | 4424 c000 
  0x0000027c07b1cac0: 493b af50 | 0400 000f | 870e 0000 | 0041 83bf | 4804 0000 | 000f 842b | 0000 00c5 | f877 4889 
  0x0000027c07b1cae0: 45f8 498b | cf4c 8be4 | 4883 ec20 | 4883 e4f0 

  0x0000027c07b1caf0: ;   {runtime_call}
  0x0000027c07b1caf0: 48b8 0058 | 70a5 fd7f | 0000 ffd0 | 498b e44d | 33e4 488b | 45f8 41c7 | 874c 0400 | 0008 0000 
  0x0000027c07b1cb10: 0041 83bf | c804 0000 | 020f 84db 

  0x0000027c07b1cb1c: ;   {external_word}
  0x0000027c07b1cb1c: 0200 0049 | ba06 6dfb | a5fd 7f00 | 0041 803a | 000f 844c | 0000 0048 

  0x0000027c07b1cb34: ;   {metadata({method} {0x0000027c0f434c38} 'defineClass1' '(Ljava/lang/ClassLoader;Ljava/lang/String;[BIILjava/security/ProtectionDomain;Ljava/lang/String;)Ljava/lang/Class;' in 'java/lang/ClassLoader')}
  0x0000027c07b1cb34: 8945 f848 | ba30 4c43 | 0f7c 0200 | 0049 8bcf | 4883 ec20 | 40f6 c40f | 0f84 1900 | 0000 4883 
  0x0000027c07b1cb54: ;   {runtime_call}
  0x0000027c07b1cb54: ec08 48b8 | e0ea a4a5 | fd7f 0000 | ffd0 4883 | c408 e90c 

  0x0000027c07b1cb68: ;   {runtime_call}
  0x0000027c07b1cb68: 0000 0048 | b8e0 eaa4 | a5fd 7f00 | 00ff d048 | 83c4 2048 | 8b45 f849 | c787 a003 | 0000 0000 
  0x0000027c07b1cb88: 0000 49c7 | 87a8 0300 | 0000 0000 | 00c5 f877 | 4885 c00f | 8436 0200 | 00a8 030f | 8508 0000 
  0x0000027c07b1cba8: 0048 8b00 | e926 0200 | 00a8 010f | 8509 0000 | 0048 8b40 | fee9 1502 | 0000 488b | 40ff 4180 
  0x0000027c07b1cbc8: 7f40 000f | 8406 0200 | 0048 83f8 | 000f 84fc | 0100 0049 | 8b4f 2848 | 83f9 000f | 8414 0000 
  0x0000027c07b1cbe8: 0048 83e9 | 0849 894f | 2849 034f | 3848 8901 | e9da 0100 | 0048 81ec | f000 0000 | 4889 0424 
  0x0000027c07b1cc08: 4889 4c24 | 0848 8954 | 2410 4c89 | 4424 184c | 894c 2420 | 4c89 5424 | 284c 895c | 2430 c5fb 
  0x0000027c07b1cc28: 1144 2440 | c5fb 114c | 2448 c5fb | 1154 2450 | c5fb 115c | 2458 c5fb | 1164 2460 | c5fb 116c 
  0x0000027c07b1cc48: 2468 62e1 | ff08 1144 | 240e 62e1 | ff08 114c | 240f 62e1 | ff08 1154 | 2410 62e1 | ff08 115c 
  0x0000027c07b1cc68: ;   {no_reloc}
  0x0000027c07b1cc68: 2411 62e1 | ff08 1164 | 2412 62e1 | ff08 116c | 2413 62e1 | ff08 1174 | 2414 62e1 | ff08 117c 
  0x0000027c07b1cc88: 2415 6261 | ff08 1144 | 2416 6261 | ff08 114c | 2417 6261 | ff08 1154 | 2418 6261 | ff08 115c 
  0x0000027c07b1cca8: 2419 6261 | ff08 1164 | 241a 6261 | ff08 116c | 241b 6261 | ff08 1174 | 241c 6261 | ff08 117c 
  0x0000027c07b1ccc8: 241d 498b | d748 8bc8 | 4883 ec20 | 40f6 c40f | 0f84 1900 | 0000 4883 

  0x0000027c07b1cce0: ;   {runtime_call}
  0x0000027c07b1cce0: ec08 48b8 | 20a4 63a5 | fd7f 0000 | ffd0 4883 | c408 e90c 

  0x0000027c07b1ccf4: ;   {runtime_call}
  0x0000027c07b1ccf4: 0000 0048 | b820 a463 | a5fd 7f00 | 00ff d048 | 83c4 2062 | 61ff 0810 | 7c24 1d62 | 61ff 0810 
  0x0000027c07b1cd14: 7424 1c62 | 61ff 0810 | 6c24 1b62 | 61ff 0810 | 6424 1a62 | 61ff 0810 | 5c24 1962 | 61ff 0810 
  0x0000027c07b1cd34: 5424 1862 | 61ff 0810 | 4c24 1762 | 61ff 0810 | 4424 1662 | e1ff 0810 | 7c24 1562 | e1ff 0810 
  0x0000027c07b1cd54: 7424 1462 | e1ff 0810 | 6c24 1362 | e1ff 0810 | 6424 1262 | e1ff 0810 | 5c24 1162 | e1ff 0810 
  0x0000027c07b1cd74: 5424 1062 | e1ff 0810 | 4c24 0f62 | e1ff 0810 | 4424 0ec5 | fb10 6c24 | 68c5 fb10 | 6424 60c5 
  0x0000027c07b1cd94: fb10 5c24 | 58c5 fb10 | 5424 50c5 | fb10 4c24 | 48c5 fb10 | 4424 404c | 8b5c 2430 | 4c8b 5424 
  0x0000027c07b1cdb4: 284c 8b4c | 2420 4c8b | 4424 1848 | 8b54 2410 | 488b 4c24 | 0848 8b04 | 2448 81c4 | f000 0000 
  0x0000027c07b1cdd4: c5f8 7749 | 8b8f 3004 | 0000 c781 | 0001 0000 | 0000 0000 | c949 837f | 0800 0f85 | 0100 0000 
  0x0000027c07b1cdf4: ;   {runtime_call StubRoutines (initial stubs)}
  0x0000027c07b1cdf4: c3e9 0641 | a1ff c5f8 | 7748 8945 | f84c 8be4 | 4883 ec20 | 4883 e4f0 

  0x0000027c07b1ce0c: ;   {runtime_call}
  0x0000027c07b1ce0c: 48b8 3022 | a5a5 fd7f | 0000 ffd0 | 498b e44d | 33e4 488b | 45f8 e9f8 | fcff fff4 
[/MachCode]


Compiled method (c1) 30810 1192       3       java.lang.ClassLoader::defineClass (43 bytes)
 total in heap  [0x0000027c00203590,0x0000027c00203ee0] = 2384
 relocation     [0x0000027c002036f0,0x0000027c00203790] = 160
 main code      [0x0000027c002037a0,0x0000027c00203c38] = 1176
 stub code      [0x0000027c00203c38,0x0000027c00203cb0] = 120
 metadata       [0x0000027c00203cb0,0x0000027c00203ce0] = 48
 scopes data    [0x0000027c00203ce0,0x0000027c00203dd0] = 240
 scopes pcs     [0x0000027c00203dd0,0x0000027c00203eb0] = 224
 dependencies   [0x0000027c00203eb0,0x0000027c00203eb8] = 8
 nul chk table  [0x0000027c00203eb8,0x0000027c00203ee0] = 40

[Constant Pool (empty)]

[MachCode]
[Entry Point]
  # {method} {0x0000027c0f434fb8} 'defineClass' '(Ljava/lang/String;[BIILjava/security/ProtectionDomain;)Ljava/lang/Class;' in 'java/lang/ClassLoader'
  # this:     rdx:rdx   = 'java/lang/ClassLoader'
  # parm0:    r8:r8     = 'java/lang/String'
  # parm1:    r9:r9     = '[B'
  # parm2:    rdi       = int
  # parm3:    rsi       = int
  # parm4:    rcx:rcx   = 'java/security/ProtectionDomain'
  #           [sp+0xc0]  (sp of caller)
  0x0000027c002037a0: 448b 5208 | 49bb 0000 | 000f 7c02 | 0000 4d03 | d34c 3bd0 

  0x0000027c002037b4: ;   {runtime_call ic_miss_stub}
  0x0000027c002037b4: 0f85 c6b1 | 3707 660f | 1f44 0000 
[Verified Entry Point]
  0x0000027c002037c0: 8984 2400 | 80ff ff55 | 4881 ecb0 | 0000 0090 | 4181 7f20 | 0100 0000 

  0x0000027c002037d8: ;   {runtime_call StubRoutines (final stubs)}
  0x0000027c002037d8: 7405 e8c1 | 4a36 0748 | 8954 2478 

  0x0000027c002037e4: ;   {metadata(method data for {method} {0x0000027c0f434fb8} 'defineClass' '(Ljava/lang/String;[BIILjava/security/ProtectionDomain;)Ljava/lang/Class;' in 'java/lang/ClassLoader')}
  0x0000027c002037e4: 48bb 20ef | 187b 7c02 | 0000 8b83 | cc00 0000 | 83c0 0289 | 83cc 0000 | 0025 fe07 | 0000 85c0 
  0x0000027c00203804: 0f84 5003 | 0000 89b4 | 2494 0000 | 0089 bc24 | 9000 0000 | 4c89 8c24 | 8800 0000 

  0x0000027c00203820: ;   {metadata(method data for {method} {0x0000027c0f434fb8} 'defineClass' '(Ljava/lang/String;[BIILjava/security/ProtectionDomain;)Ljava/lang/Class;' in 'java/lang/ClassLoader')}
  0x0000027c00203820: 488b da48 | b820 ef18 | 7b7c 0200 | 0048 8380 | 1001 0000 | 0149 8bd8 | 4c8b c34c | 8bc9 488b 
  0x0000027c00203840: ca48 8bd1 | 4889 9c24 | 8000 0000 

  0x0000027c0020384c: ;   {optimized virtual_call}
  0x0000027c0020384c: 6666 90e8 

  0x0000027c00203850: ; ImmutableOopMap {[120]=Oop [128]=Oop [136]=Oop }
                      ;*invokevirtual preDefineClass {reexecute=0 rethrow=0 return_oop=0}
                      ; - java.lang.ClassLoader::defineClass@4
  0x0000027c00203850: 4c0a 0000 

  0x0000027c00203854: ;   {other}
  0x0000027c00203854: 0f1f 8400 | c402 0000 | 4889 8424 | 9800 0000 | 488b 5424 

  0x0000027c00203868: ;   {metadata(method data for {method} {0x0000027c0f434fb8} 'defineClass' '(Ljava/lang/String;[BIILjava/security/ProtectionDomain;)Ljava/lang/Class;' in 'java/lang/ClassLoader')}
  0x0000027c00203868: 7849 b820 | ef18 7b7c | 0200 0049 | 8380 4801 

  0x0000027c00203878: ;   {metadata(method data for {method} {0x0000027c0f434ca0} 'defineClassSourceLocation' '(Ljava/security/ProtectionDomain;)Ljava/lang/String;' in 'java/lang/ClassLoader')}
  0x0000027c00203878: 0000 0149 | b8b8 fa18 | 7b7c 0200 | 0041 8b90 | cc00 0000 | 83c2 0241 | 8990 cc00 | 0000 81e2 
  0x0000027c00203898: feff 1f00 | 85d2 0f84 | d702 0000 

  0x0000027c002038a4: ; implicit exception: dispatches to 0x0000027c00203b9c
  0x0000027c002038a4: 483b 004c 

  0x0000027c002038a8: ;   {metadata(method data for {method} {0x0000027c0f434ca0} 'defineClassSourceLocation' '(Ljava/security/ProtectionDomain;)Ljava/lang/String;' in 'java/lang/ClassLoader')}
  0x0000027c002038a8: 8bc0 48ba | b8fa 187b | 7c02 0000 | 4883 8210 | 0100 0001 | 448b 4010 

  0x0000027c002038c0: ;   {metadata(method data for {method} {0x0000027c0f434ca0} 'defineClassSourceLocation' '(Ljava/security/ProtectionDomain;)Ljava/lang/String;' in 'java/lang/ClassLoader')}
  0x0000027c002038c0: 4d85 c048 | bab8 fa18 | 7b7c 0200 | 0048 c7c6 | 5801 0000 | 7507 48c7 | c648 0100 | 0048 8b3c 
  0x0000027c002038e0: 3248 8d7f | 0148 893c | 320f 850f 

  0x0000027c002038ec: ;   {oop(nullptr)}
  0x0000027c002038ec: 0000 0048 | bb00 0000 | 0000 0000 | 00e9 a101 | 0000 493b | 0049 8bd0 

  0x0000027c00203904: ;   {metadata(method data for {method} {0x0000027c0f434ca0} 'defineClassSourceLocation' '(Ljava/security/ProtectionDomain;)Ljava/lang/String;' in 'java/lang/ClassLoader')}
  0x0000027c00203904: 48be b8fa | 187b 7c02 | 0000 4883 | 8668 0100 | 0001 418b | 500c 4885 

  0x0000027c0020391c: ;   {metadata(method data for {method} {0x0000027c0f434ca0} 'defineClassSourceLocation' '(Ljava/security/ProtectionDomain;)Ljava/lang/String;' in 'java/lang/ClassLoader')}
  0x0000027c0020391c: d248 beb8 | fa18 7b7c | 0200 0048 | c7c7 b001 | 0000 7507 | 48c7 c7a0 | 0100 0048 | 8b1c 3e48 
  0x0000027c0020393c: 8d5b 0148 | 891c 3e0f | 850f 0000 

  0x0000027c00203948: ;   {oop(nullptr)}
  0x0000027c00203948: 0048 bb00 | 0000 0000 | 0000 00e9 | 4701 0000 

  0x0000027c00203958: ;   {metadata(method data for {method} {0x0000027c0f434ca0} 'defineClassSourceLocation' '(Ljava/security/ProtectionDomain;)Ljava/lang/String;' in 'java/lang/ClassLoader')}
  0x0000027c00203958: 48be b8fa | 187b 7c02 | 0000 4883 | 86c0 0100 | 0001 483b | 024c 8bc2 

  0x0000027c00203970: ;   {metadata(method data for {method} {0x0000027c0f434ca0} 'defineClassSourceLocation' '(Ljava/security/ProtectionDomain;)Ljava/lang/String;' in 'java/lang/ClassLoader')}
  0x0000027c00203970: 48be b8fa | 187b 7c02 | 0000 4883 | 86f8 0100 

  0x0000027c00203980: ;   {metadata(method data for {method} {0x0000027c0f01abf0} 'toString' '()Ljava/lang/String;' in 'java/net/URL')}
  0x0000027c00203980: 0001 49b8 | 3800 117b | 7c02 0000 | 418b b0cc | 0000 0083 | c602 4189 | b0cc 0000 | 0081 e6fe 
  0x0000027c002039a0: ff1f 0085 | f60f 8400 | 0200 004c 

  0x0000027c002039ac: ;   {metadata(method data for {method} {0x0000027c0f01abf0} 'toString' '()Ljava/lang/String;' in 'java/net/URL')}
  0x0000027c002039ac: 8bc2 48be | 3800 117b | 7c02 0000 | 4883 8610 | 0100 0001 

  0x0000027c002039c0: ;   {metadata(method data for {method} {0x0000027c0f428840} 'toExternalForm' '()Ljava/lang/String;' in 'java/net/URL')}
  0x0000027c002039c0: 49b8 c001 | 117b 7c02 | 0000 418b | b0cc 0000 | 0083 c602 | 4189 b0cc | 0000 0081 | e6fe ff1f 
  0x0000027c002039e0: 0085 f60f | 84e3 0100 | 008b 7238 

  0x0000027c002039ec: ; implicit exception: dispatches to 0x0000027c00203bed
  0x0000027c002039ec: 483b 064c 

  0x0000027c002039f0: ;   {metadata(method data for {method} {0x0000027c0f428840} 'toExternalForm' '()Ljava/lang/String;' in 'java/net/URL')}
  0x0000027c002039f0: 8bc6 48bf | c001 117b | 7c02 0000 | 458b 4008 | 49ba 0000 | 000f 7c02 | 0000 4d03 | c24c 3b87 
  0x0000027c00203a10: 2001 0000 | 750d 4883 | 8728 0100 | 0001 e960 | 0000 004c | 3b87 3001 | 0000 750d | 4883 8738 
  0x0000027c00203a30: 0100 0001 | e94a 0000 | 0048 83bf | 2001 0000 | 0075 174c | 8987 2001 | 0000 48c7 | 8728 0100 
  0x0000027c00203a50: 0001 0000 | 00e9 2900 | 0000 4883 | bf30 0100 | 0000 7517 | 4c89 8730 | 0100 0048 | c787 3801 
  0x0000027c00203a70: 0000 0100 | 0000 e908 | 0000 0048 | 8387 1001 | 0000 014c | 8bc2 488b | d666 0f1f 

  0x0000027c00203a8c: ;   {optimized virtual_call}
  0x0000027c00203a8c: 4400 00e8 

  0x0000027c00203a90: ; ImmutableOopMap {[120]=Oop [128]=Oop [136]=Oop [152]=Oop }
                      ;*invokevirtual toExternalForm {reexecute=0 rethrow=0 return_oop=0}
                      ; - java.net.URL::toExternalForm@5
                      ; - java.net.URL::toString@1
                      ; - java.lang.ClassLoader::defineClassSourceLocation@22
                      ; - java.lang.ClassLoader::defineClass@12
  0x0000027c00203a90: 0c7d f8ff 

  0x0000027c00203a94: ;   {other}
  0x0000027c00203a94: 0f1f 8400 | 0405 0001 | 488b d848 | 8b84 2498 | 0000 008b | b424 9400 | 0000 8bbc | 2490 0000 
  0x0000027c00203ab4: 004c 8b8c | 2488 0000 | 004c 8b84 | 2480 0000 | 0048 8b54 

  0x0000027c00203ac8: ;   {metadata(method data for {method} {0x0000027c0f434fb8} 'defineClass' '(Ljava/lang/String;[BIILjava/security/ProtectionDomain;)Ljava/lang/Class;' in 'java/lang/ClassLoader')}
  0x0000027c00203ac8: 2478 48b9 | 20ef 187b | 7c02 0000 | 4883 8180 | 0100 0001 | 4c8b da49 | 8bd3 488b | c848 891c 
  0x0000027c00203ae8: 2466 0f1f 

  0x0000027c00203aec: ;   {static_call}
  0x0000027c00203aec: 4400 00e8 

  0x0000027c00203af0: ; ImmutableOopMap {[120]=Oop [152]=Oop }
                      ;*invokestatic defineClass1 {reexecute=0 rethrow=0 return_oop=0}
                      ; - java.lang.ClassLoader::defineClass@27
  0x0000027c00203af0: 6c8e 9107 

  0x0000027c00203af4: ;   {other}
  0x0000027c00203af4: 0f1f 8400 | 6405 0002 | 488b 5424 

  0x0000027c00203b00: ;   {metadata(method data for {method} {0x0000027c0f434fb8} 'defineClass' '(Ljava/lang/String;[BIILjava/security/ProtectionDomain;)Ljava/lang/Class;' in 'java/lang/ClassLoader')}
  0x0000027c00203b00: 7849 b820 | ef18 7b7c | 0200 0049 | 8380 9001 | 0000 014c | 8bc0 4c8b | 8c24 9800 | 0000 488b 
  0x0000027c00203b20: 5424 7848 | 8984 24a0 | 0000 000f 

  0x0000027c00203b2c: ;   {optimized virtual_call}
  0x0000027c00203b2c: 1f40 00e8 

  0x0000027c00203b30: ; ImmutableOopMap {[160]=Oop }
                      ;*invokevirtual postDefineClass {reexecute=0 rethrow=0 return_oop=0}
                      ; - java.lang.ClassLoader::defineClass@37
  0x0000027c00203b30: 6c4e f6ff 

  0x0000027c00203b34: ;   {other}
  0x0000027c00203b34: 0f1f 8400 | a405 0003 | 488b 8424 | a000 0000 | 4881 c4b0 | 0000 005d 

  0x0000027c00203b4c: ;   {poll_return}
  0x0000027c00203b4c: 493b a750 | 0400 000f | 8799 0000 

  0x0000027c00203b58: ;   {metadata({method} {0x0000027c0f434fb8} 'defineClass' '(Ljava/lang/String;[BIILjava/security/ProtectionDomain;)Ljava/lang/Class;' in 'java/lang/ClassLoader')}
  0x0000027c00203b58: 00c3 49ba | b04f 430f | 7c02 0000 | 4c89 5424 | 0848 c704 | 24ff ffff 

  0x0000027c00203b70: ;   {runtime_call counter_overflow Runtime1 stub}
  0x0000027c00203b70: ffe8 8af2 

  0x0000027c00203b74: ; ImmutableOopMap {rdx=Oop r8=Oop r9=Oop rcx=Oop [120]=Oop }
                      ;*synchronization entry
                      ; - java.lang.ClassLoader::defineClass@-1
  0x0000027c00203b74: 4507 e98f 

  0x0000027c00203b78: ;   {metadata({method} {0x0000027c0f434ca0} 'defineClassSourceLocation' '(Ljava/security/ProtectionDomain;)Ljava/lang/String;' in 'java/lang/ClassLoader')}
  0x0000027c00203b78: fcff ff49 | ba98 4c43 | 0f7c 0200 | 004c 8954 | 2408 48c7 | 0424 ffff 

  0x0000027c00203b90: ;   {runtime_call counter_overflow Runtime1 stub}
  0x0000027c00203b90: ffff e869 

  0x0000027c00203b94: ; ImmutableOopMap {rax=Oop [120]=Oop [128]=Oop [136]=Oop [152]=Oop }
                      ;*synchronization entry
                      ; - java.lang.ClassLoader::defineClassSourceLocation@-1
                      ; - java.lang.ClassLoader::defineClass@12
  0x0000027c00203b94: f245 07e9 | 08fd ffff 

  0x0000027c00203b9c: ;   {runtime_call throw_null_pointer_exception Runtime1 stub}
  0x0000027c00203b9c: e8ff 8f45 

  0x0000027c00203ba0: ; ImmutableOopMap {rax=Oop [120]=Oop [128]=Oop [136]=Oop [152]=Oop }
                      ;*invokevirtual getCodeSource {reexecute=0 rethrow=0 return_oop=0}
                      ; - java.lang.ClassLoader::defineClassSourceLocation@1
                      ; - java.lang.ClassLoader::defineClass@12
                      ;   {runtime_call throw_null_pointer_exception Runtime1 stub}
  0x0000027c00203ba0: 07e8 fa8f 

  0x0000027c00203ba4: ; ImmutableOopMap {rax=Oop r8=Oop [120]=Oop [128]=Oop [136]=Oop [152]=Oop }
                      ;*invokevirtual getLocation {reexecute=0 rethrow=0 return_oop=0}
                      ; - java.lang.ClassLoader::defineClassSourceLocation@12
                      ; - java.lang.ClassLoader::defineClass@12
                      ;   {runtime_call throw_null_pointer_exception Runtime1 stub}
  0x0000027c00203ba4: 4507 e8f5 

  0x0000027c00203ba8: ; ImmutableOopMap {rdx=Oop [120]=Oop [128]=Oop [136]=Oop [152]=Oop }
                      ;*invokevirtual toString {reexecute=0 rethrow=0 return_oop=0}
                      ; - java.lang.ClassLoader::defineClassSourceLocation@22
                      ; - java.lang.ClassLoader::defineClass@12
                      ;   {metadata({method} {0x0000027c0f01abf0} 'toString' '()Ljava/lang/String;' in 'java/net/URL')}
  0x0000027c00203ba8: 8f45 0749 | bae8 ab01 | 0f7c 0200 | 004c 8954 | 2408 48c7 | 0424 ffff 

  0x0000027c00203bc0: ;   {runtime_call counter_overflow Runtime1 stub}
  0x0000027c00203bc0: ffff e839 

  0x0000027c00203bc4: ; ImmutableOopMap {rdx=Oop [120]=Oop [128]=Oop [136]=Oop [152]=Oop }
                      ;*synchronization entry
                      ; - java.net.URL::toString@-1
                      ; - java.lang.ClassLoader::defineClassSourceLocation@22
                      ; - java.lang.ClassLoader::defineClass@12
  0x0000027c00203bc4: f245 07e9 | dffd ffff 

  0x0000027c00203bcc: ;   {metadata({method} {0x0000027c0f428840} 'toExternalForm' '()Ljava/lang/String;' in 'java/net/URL')}
  0x0000027c00203bcc: 49ba 3888 | 420f 7c02 | 0000 4c89 | 5424 0848 | c704 24ff 

  0x0000027c00203be0: ;   {runtime_call counter_overflow Runtime1 stub}
  0x0000027c00203be0: ffff ffe8 

  0x0000027c00203be4: ; ImmutableOopMap {rdx=Oop [120]=Oop [128]=Oop [136]=Oop [152]=Oop }
                      ;*synchronization entry
                      ; - java.net.URL::toExternalForm@-1
                      ; - java.net.URL::toString@1
                      ; - java.lang.ClassLoader::defineClassSourceLocation@22
                      ; - java.lang.ClassLoader::defineClass@12
  0x0000027c00203be4: 18f2 4507 | e9fc fdff 

  0x0000027c00203bec: ;   {runtime_call throw_null_pointer_exception Runtime1 stub}
  0x0000027c00203bec: ffe8 ae8f 

  0x0000027c00203bf0: ; ImmutableOopMap {rdx=Oop rsi=Oop [120]=Oop [128]=Oop [136]=Oop [152]=Oop }
                      ;*invokevirtual toExternalForm {reexecute=0 rethrow=0 return_oop=0}
                      ; - java.net.URL::toExternalForm@5
                      ; - java.net.URL::toString@1
                      ; - java.lang.ClassLoader::defineClassSourceLocation@22
                      ; - java.lang.ClassLoader::defineClass@12
                      ;   {internal_word}
  0x0000027c00203bf0: 4507 49ba | 4c3b 2000 | 7c02 0000 | 4d89 9768 

  0x0000027c00203c00: ;   {runtime_call SafepointBlob}
  0x0000027c00203c00: 0400 00e9 | 782d 3807 | 498b 8700 | 0500 0049 | c787 0005 | 0000 0000 | 0000 49c7 | 8708 0500 
  0x0000027c00203c20: 0000 0000 | 0048 81c4 | b000 0000 

  0x0000027c00203c2c: ;   {runtime_call unwind_exception Runtime1 stub}
  0x0000027c00203c2c: 5de9 4e80 | 4507 f4f4 | f4f4 f4f4 
[Stub Code]
  0x0000027c00203c38: ;   {no_reloc}
  0x0000027c00203c38: 0f1f 4400 

  0x0000027c00203c3c: ;   {static_stub}
  0x0000027c00203c3c: 0048 bb00 | 0000 0000 

  0x0000027c00203c44: ;   {runtime_call nmethod}
  0x0000027c00203c44: 0000 00e9 | fbff ffff 

  0x0000027c00203c4c: ;   {static_stub}
  0x0000027c00203c4c: 48bb 0000 | 0000 0000 

  0x0000027c00203c54: ;   {runtime_call nmethod}
  0x0000027c00203c54: 0000 e9fb 

  0x0000027c00203c58: ;   {static_stub}
  0x0000027c00203c58: ffff ff48 | bb00 0000 | 0000 0000 

  0x0000027c00203c64: ;   {runtime_call nmethod}
  0x0000027c00203c64: 00e9 fbff 

  0x0000027c00203c68: ;   {static_stub}
  0x0000027c00203c68: ffff 48bb | 0000 0000 | 0000 0000 

  0x0000027c00203c74: ;   {runtime_call nmethod}
  0x0000027c00203c74: e9fb ffff 

  0x0000027c00203c78: ;   {runtime_call handle_exception_from_callee Runtime1 stub}
  0x0000027c00203c78: ffe8 02b5 

  0x0000027c00203c7c: ;   {external_word}
  0x0000027c00203c7c: 4507 48b9 | 5063 d1a5 | fd7f 0000 | 4883 e4f0 

  0x0000027c00203c8c: ;   {runtime_call}
  0x0000027c00203c8c: 48b8 c0c9 | 93a5 fd7f | 0000 ffd0 

  0x0000027c00203c98: ;   {section_word}
  0x0000027c00203c98: f449 ba99 | 3c20 007c | 0200 0041 

  0x0000027c00203ca4: ;   {runtime_call DeoptimizationBlob}
  0x0000027c00203ca4: 52e9 7641 | 3807 f4f4 | f4f4 f4f4 
[/MachCode]


Compiled method (c1) 30897 1135       3       java.security.SecureClassLoader::defineClass (16 bytes)
 total in heap  [0x0000027c001eaf10,0x0000027c001eb310] = 1024
 relocation     [0x0000027c001eb070,0x0000027c001eb0c0] = 80
 main code      [0x0000027c001eb0c0,0x0000027c001eb218] = 344
 stub code      [0x0000027c001eb218,0x0000027c001eb268] = 80
 metadata       [0x0000027c001eb268,0x0000027c001eb270] = 8
 scopes data    [0x0000027c001eb270,0x0000027c001eb2b8] = 72
 scopes pcs     [0x0000027c001eb2b8,0x0000027c001eb308] = 80
 dependencies   [0x0000027c001eb308,0x0000027c001eb310] = 8

[Constant Pool (empty)]

[MachCode]
[Entry Point]
  # {method} {0x0000027c0f04e0e8} 'defineClass' '(Ljava/lang/String;[BIILjava/security/CodeSource;)Ljava/lang/Class;' in 'java/security/SecureClassLoader'
  # this:     rdx:rdx   = 'java/security/SecureClassLoader'
  # parm0:    r8:r8     = 'java/lang/String'
  # parm1:    r9:r9     = '[B'
  # parm2:    rdi       = int
  # parm3:    rsi       = int
  # parm4:    rcx:rcx   = 'java/security/CodeSource'
  #           [sp+0x80]  (sp of caller)
  0x0000027c001eb0c0: 448b 5208 | 49bb 0000 | 000f 7c02 | 0000 4d03 | d34c 3bd0 

  0x0000027c001eb0d4: ;   {runtime_call ic_miss_stub}
  0x0000027c001eb0d4: 0f85 a638 | 3907 660f | 1f44 0000 
[Verified Entry Point]
  0x0000027c001eb0e0: 8984 2400 | 80ff ff55 | 4883 ec70 | 4181 7f20 | 0100 0000 

  0x0000027c001eb0f4: ;   {runtime_call StubRoutines (final stubs)}
  0x0000027c001eb0f4: 7405 e8a5 

  0x0000027c001eb0f8: ;   {metadata(method data for {method} {0x0000027c0f04e0e8} 'defineClass' '(Ljava/lang/String;[BIILjava/security/CodeSource;)Ljava/lang/Class;' in 'java/security/SecureClassLoader')}
  0x0000027c001eb0f8: d137 0748 | bb58 0818 | 7b7c 0200 | 008b 83cc | 0000 0083 | c002 8983 | cc00 0000 | 25fe 0700 
  0x0000027c001eb118: 0085 c00f | 8496 0000 | 0089 7424 | 5c89 7c24 | 584c 894c | 2450 4c89 | 4424 4848 

  0x0000027c001eb134: ;   {metadata(method data for {method} {0x0000027c0f04e0e8} 'defineClass' '(Ljava/lang/String;[BIILjava/security/CodeSource;)Ljava/lang/Class;' in 'java/security/SecureClassLoader')}
  0x0000027c001eb134: 8bda 48b8 | 5808 187b | 7c02 0000 | 4883 8010 | 0100 0001 | 4c8b c148 | 8bc2 488b | d048 8944 
  0x0000027c001eb154: ;   {optimized virtual_call}
  0x0000027c001eb154: 2440 90e8 

  0x0000027c001eb158: ; ImmutableOopMap {[64]=Oop [72]=Oop [80]=Oop }
                      ;*invokevirtual getProtectionDomain {reexecute=0 rethrow=0 return_oop=0}
                      ; - java.security.SecureClassLoader::defineClass@9
  0x0000027c001eb158: 44db fdff 

  0x0000027c001eb15c: ;   {other}
  0x0000027c001eb15c: 0f1f 8400 | 4c02 0000 | 488b 5424 

  0x0000027c001eb168: ;   {metadata(method data for {method} {0x0000027c0f04e0e8} 'defineClass' '(Ljava/lang/String;[BIILjava/security/CodeSource;)Ljava/lang/Class;' in 'java/security/SecureClassLoader')}
  0x0000027c001eb168: 4049 b858 | 0818 7b7c | 0200 0049 | 8380 4801 | 0000 014c | 8b44 2448 | 4c8b 4c24 | 508b 7c24 
  0x0000027c001eb188: 588b 7424 | 5c48 8bc8 | 488b 5424 

  0x0000027c001eb194: ;   {optimized virtual_call}
  0x0000027c001eb194: 4066 90e8 

  0x0000027c001eb198: ; ImmutableOopMap {}
                      ;*invokevirtual defineClass {reexecute=0 rethrow=0 return_oop=0}
                      ; - java.security.SecureClassLoader::defineClass@12
  0x0000027c001eb198: 2486 0100 

  0x0000027c001eb19c: ;   {other}
  0x0000027c001eb19c: 0f1f 8400 | 8c02 0001 | 4883 c470 

  0x0000027c001eb1a8: ;   {poll_return}
  0x0000027c001eb1a8: 5d49 3ba7 | 5004 0000 | 0f87 2200 

  0x0000027c001eb1b4: ;   {metadata({method} {0x0000027c0f04e0e8} 'defineClass' '(Ljava/lang/String;[BIILjava/security/CodeSource;)Ljava/lang/Class;' in 'java/security/SecureClassLoader')}
  0x0000027c001eb1b4: 0000 c349 | bae0 e004 | 0f7c 0200 | 004c 8954 | 2408 48c7 | 0424 ffff 

  0x0000027c001eb1cc: ;   {runtime_call counter_overflow Runtime1 stub}
  0x0000027c001eb1cc: ffff e82d 

  0x0000027c001eb1d0: ; ImmutableOopMap {rdx=Oop r8=Oop r9=Oop rcx=Oop }
                      ;*synchronization entry
                      ; - java.security.SecureClassLoader::defineClass@-1
  0x0000027c001eb1d0: 7c47 07e9 | 49ff ffff 

  0x0000027c001eb1d8: ;   {internal_word}
  0x0000027c001eb1d8: 49ba a9b1 | 1e00 7c02 | 0000 4d89 | 9768 0400 

  0x0000027c001eb1e8: ;   {runtime_call SafepointBlob}
  0x0000027c001eb1e8: 00e9 92b7 | 3907 498b | 8700 0500 | 0049 c787 | 0005 0000 | 0000 0000 | 49c7 8708 | 0500 0000 
  0x0000027c001eb208: 0000 0048 | 83c4 705d 

  0x0000027c001eb210: ;   {runtime_call unwind_exception Runtime1 stub}
  0x0000027c001eb210: e96b 0a47 | 07f4 f4f4 
[Stub Code]
  0x0000027c001eb218: ;   {no_reloc}
  0x0000027c001eb218: 48bb 0000 | 0000 0000 

  0x0000027c001eb220: ;   {runtime_call nmethod}
  0x0000027c001eb220: 0000 e9fb 

  0x0000027c001eb224: ;   {static_stub}
  0x0000027c001eb224: ffff ff48 | bbb0 4f43 | 0f7c 0200 

  0x0000027c001eb230: ;   {runtime_call I2C/C2I adapters}
  0x0000027c001eb230: 00e9 bf54 

  0x0000027c001eb234: ;   {runtime_call handle_exception_from_callee Runtime1 stub}
  0x0000027c001eb234: 3807 e845 

  0x0000027c001eb238: ;   {external_word}
  0x0000027c001eb238: 3f47 0748 | b950 63d1 | a5fd 7f00 | 0048 83e4 

  0x0000027c001eb248: ;   {runtime_call}
  0x0000027c001eb248: f048 b8c0 | c993 a5fd | 7f00 00ff 

  0x0000027c001eb254: ;   {section_word}
  0x0000027c001eb254: d0f4 49ba | 56b2 1e00 | 7c02 0000 

  0x0000027c001eb260: ;   {runtime_call DeoptimizationBlob}
  0x0000027c001eb260: 4152 e9b9 | cb39 07f4 
[/MachCode]


---------------  P R O C E S S  ---------------

Threads class SMR info:
_java_thread_list=0x0000027c2453f9b0, length=26, elements={
0x0000027c73805b50, 0x0000027c7a1ac1a0, 0x0000027c7a1ad770, 0x0000027c7a1ae2d0,
0x0000027c7a1b40a0, 0x0000027c7a1b4b00, 0x0000027c7a1b6570, 0x0000027c7a1b7300,
0x0000027c7a1ccf50, 0x0000027c7a3d0ce0, 0x0000027c7a482ea0, 0x0000027c7a2b5790,
0x0000027c7f0452a0, 0x0000027c242ffb90, 0x0000027c243f2160, 0x0000027c7a5056e0,
0x0000027c7a505050, 0x0000027c7a5084d0, 0x0000027c7a506a90, 0x0000027c7a505d70,
0x0000027c7a506400, 0x0000027c7a507120, 0x0000027c7a5077b0, 0x0000027c7a507e40,
0x0000027c2496f840, 0x0000027c2496f1b0
}

Java Threads: ( => current thread )
  0x0000027c73805b50 JavaThread "main"                              [_thread_blocked, id=52692, stack(0x000000d914e00000,0x000000d914f00000) (1024K)]
  0x0000027c7a1ac1a0 JavaThread "Reference Handler"          daemon [_thread_blocked, id=65436, stack(0x000000d915600000,0x000000d915700000) (1024K)]
  0x0000027c7a1ad770 JavaThread "Finalizer"                  daemon [_thread_blocked, id=23832, stack(0x000000d915700000,0x000000d915800000) (1024K)]
  0x0000027c7a1ae2d0 JavaThread "Signal Dispatcher"          daemon [_thread_blocked, id=23072, stack(0x000000d915800000,0x000000d915900000) (1024K)]
  0x0000027c7a1b40a0 JavaThread "Attach Listener"            daemon [_thread_blocked, id=36328, stack(0x000000d915900000,0x000000d915a00000) (1024K)]
  0x0000027c7a1b4b00 JavaThread "Service Thread"             daemon [_thread_blocked, id=55196, stack(0x000000d915a00000,0x000000d915b00000) (1024K)]
  0x0000027c7a1b6570 JavaThread "Monitor Deflation Thread"   daemon [_thread_blocked, id=45376, stack(0x000000d915b00000,0x000000d915c00000) (1024K)]
  0x0000027c7a1b7300 JavaThread "C2 CompilerThread0"         daemon [_thread_blocked, id=55304, stack(0x000000d915c00000,0x000000d915d00000) (1024K)]
  0x0000027c7a1ccf50 JavaThread "C1 CompilerThread0"         daemon [_thread_blocked, id=45736, stack(0x000000d915d00000,0x000000d915e00000) (1024K)]
  0x0000027c7a3d0ce0 JavaThread "Common-Cleaner"             daemon [_thread_blocked, id=39736, stack(0x000000d915e00000,0x000000d915f00000) (1024K)]
  0x0000027c7a482ea0 JavaThread "Notification Thread"        daemon [_thread_blocked, id=44560, stack(0x000000d915f00000,0x000000d916000000) (1024K)]
  0x0000027c7a2b5790 JavaThread "Daemon health stats"               [_thread_blocked, id=68120, stack(0x000000d916500000,0x000000d916600000) (1024K)]
  0x0000027c7f0452a0 JavaThread "Incoming local TCP Connector on port 33308"        [_thread_in_native, id=56052, stack(0x000000d916600000,0x000000d916700000) (1024K)]
  0x0000027c242ffb90 JavaThread "Daemon periodic checks"            [_thread_blocked, id=34912, stack(0x000000d916700000,0x000000d916800000) (1024K)]
  0x0000027c243f2160 JavaThread "Daemon"                            [_thread_blocked, id=74996, stack(0x000000d916800000,0x000000d916900000) (1024K)]
=>0x0000027c7a5056e0 JavaThread "Daemon worker"                     [_thread_in_vm, id=59840, stack(0x000000d916b00000,0x000000d916c00000) (1024K)]
  0x0000027c7a505050 JavaThread "Daemon Thread 2"                   [_thread_blocked, id=44352, stack(0x000000d916c00000,0x000000d916d00000) (1024K)]
  0x0000027c7a5084d0 JavaThread "Handler for socket connection from /127.0.0.1:33308 to /127.0.0.1:33329"        [_thread_in_native, id=18836, stack(0x000000d916900000,0x000000d916a00000) (1024K)]
  0x0000027c7a506a90 JavaThread "Cancel handler"                    [_thread_blocked, id=60816, stack(0x000000d916d00000,0x000000d916e00000) (1024K)]
  0x0000027c7a505d70 JavaThread "Asynchronous log dispatcher for DefaultDaemonConnection: socket connection from /127.0.0.1:33308 to /127.0.0.1:33329"        [_thread_blocked, id=29160, stack(0x000000d916a00000,0x000000d916b00000) (1024K)]
  0x0000027c7a506400 JavaThread "Stdin handler"                     [_thread_blocked, id=61420, stack(0x000000d916e00000,0x000000d916f00000) (1024K)]
  0x0000027c7a507120 JavaThread "Daemon client event forwarder"        [_thread_blocked, id=65280, stack(0x000000d916f00000,0x000000d917000000) (1024K)]
  0x0000027c7a5077b0 JavaThread "Cache worker for journal cache (C:\Users\isabo\.gradle\caches\journal-1)"        [_thread_blocked, id=34036, stack(0x000000d917000000,0x000000d917100000) (1024K)]
  0x0000027c7a507e40 JavaThread "File lock request listener"        [_thread_in_native, id=48200, stack(0x000000d917100000,0x000000d917200000) (1024K)]
  0x0000027c2496f840 JavaThread "Cache worker for file hash cache (C:\Users\isabo\.gradle\caches\9.5.1\fileHashes)"        [_thread_blocked, id=82848, stack(0x000000d917200000,0x000000d917300000) (1024K)]
  0x0000027c2496f1b0 JavaThread "File lock release action executor"        [_thread_blocked, id=9200, stack(0x000000d917300000,0x000000d917400000) (1024K)]
Total: 26

Other Threads:
  0x0000027c7a189530 VMThread "VM Thread"                           [id=45628, stack(0x000000d915500000,0x000000d915600000) (1024K)] _threads_hazard_ptr=0x0000027c2453f9b0
  0x0000027c7a1778f0 WatcherThread "VM Periodic Task Thread"        [id=60872, stack(0x000000d915400000,0x000000d915500000) (1024K)]
  0x0000027c73830480 WorkerThread "GC Thread#0"                     [id=20100, stack(0x000000d914f00000,0x000000d915000000) (1024K)]
  0x0000027c7f172eb0 WorkerThread "GC Thread#1"                     [id=3052, stack(0x000000d916000000,0x000000d916100000) (1024K)]
  0x0000027c7f173260 WorkerThread "GC Thread#2"                     [id=36740, stack(0x000000d916100000,0x000000d916200000) (1024K)]
  0x0000027c7f151ac0 WorkerThread "GC Thread#3"                     [id=37396, stack(0x000000d916200000,0x000000d916300000) (1024K)]
  0x0000027c7f151e70 WorkerThread "GC Thread#4"                     [id=25156, stack(0x000000d916300000,0x000000d916400000) (1024K)]
  0x0000027c7f152220 WorkerThread "GC Thread#5"                     [id=12832, stack(0x000000d916400000,0x000000d916500000) (1024K)]
  0x0000027c73836390 ConcurrentGCThread "G1 Main Marker"            [id=19756, stack(0x000000d915000000,0x000000d915100000) (1024K)]
  0x0000027c73836db0 WorkerThread "G1 Conc#0"                       [id=18576, stack(0x000000d915100000,0x000000d915200000) (1024K)]
  0x0000027c738be530 ConcurrentGCThread "G1 Refine#0"               [id=54776, stack(0x000000d915200000,0x000000d915300000) (1024K)]
  0x0000027c7a049210 ConcurrentGCThread "G1 Service"                [id=33904, stack(0x000000d915300000,0x000000d915400000) (1024K)]
Total: 12

Threads with active compile tasks:
C2 CompilerThread0  30936 3144       4       java.lang.invoke.MethodType::makeImpl (109 bytes)
Total: 1

VM state: synchronizing (normal execution)

VM Mutex/Monitor currently owned by a thread:  ([mutex/lock_event])
[0x00007ffda5fcd530] Metaspace_lock - owner thread: 0x0000027c7a5056e0
[0x00007ffda5fcf5b0] Threads_lock - owner thread: 0x0000027c7a189530

Heap address: 0x00000000e0000000, size: 512 MB, Compressed Oops mode: 32-bit

CDS archive(s) mapped at: [0x0000027c0f000000-0x0000027c0fba0000-0x0000027c0fba0000), size 12189696, SharedBaseAddress: 0x0000027c0f000000, ArchiveRelocationMode: 1.
Compressed class space mapped at: 0x0000027c10000000-0x0000027c24000000, reserved size: 335544320
Narrow klass base: 0x0000027c0f000000, Narrow klass shift: 0, Narrow klass range: 0x100000000

GC Precious Log:
 CardTable entry size: 512
 Card Set container configuration: InlinePtr #cards 5 size 8 Array Of Cards #cards 12 size 40 Howl #buckets 4 coarsen threshold 1843 Howl Bitmap #cards 512 size 80 coarsen threshold 460 Card regions per heap region 1 cards per card region 2048
 CPUs: 8 total, 8 available
 Memory: 7948M
 Large Page Support: Disabled
 NUMA Support: Disabled
 Compressed Oops: Enabled (32-bit)
 Heap Region Size: 1M
 Heap Min Capacity: 256M
 Heap Initial Capacity: 256M
 Heap Max Capacity: 512M
 Pre-touch: Disabled
 Parallel Workers: 8
 Concurrent Workers: 2
 Concurrent Refinement Workers: 8
 Periodic GC: Disabled

Heap:
 garbage-first heap   total 262144K, used 106278K [0x00000000e0000000, 0x0000000100000000)
  region size 1024K, 94 young (96256K), 3 survivors (3072K)
 Metaspace       used 17927K, committed 18432K, reserved 393216K
  class space    used 2450K, committed 2688K, reserved 327680K

Heap Regions: E=young(eden), S=young(survivor), O=old, HS=humongous(starts), HC=humongous(continues), CS=collection set, F=free, TAMS=top-at-mark-start, PB=parsable bottom
|   0|0x00000000e0000000, 0x00000000e0100000, 0x00000000e0100000|100%|HS|  |TAMS 0x00000000e0000000| PB 0x00000000e0000000| Complete 
|   1|0x00000000e0100000, 0x00000000e0200000, 0x00000000e0200000|100%|HC|  |TAMS 0x00000000e0100000| PB 0x00000000e0100000| Complete 
|   2|0x00000000e0200000, 0x00000000e0300000, 0x00000000e0300000|100%|HC|  |TAMS 0x00000000e0200000| PB 0x00000000e0200000| Complete 
|   3|0x00000000e0300000, 0x00000000e0400000, 0x00000000e0400000|100%|HC|  |TAMS 0x00000000e0300000| PB 0x00000000e0300000| Complete 
|   4|0x00000000e0400000, 0x00000000e0500000, 0x00000000e0500000|100%| O|  |TAMS 0x00000000e0400000| PB 0x00000000e0400000| Untracked 
|   5|0x00000000e0500000, 0x00000000e0600000, 0x00000000e0600000|100%| O|  |TAMS 0x00000000e0500000| PB 0x00000000e0500000| Untracked 
|   6|0x00000000e0600000, 0x00000000e0700000, 0x00000000e0700000|100%| O|  |TAMS 0x00000000e0600000| PB 0x00000000e0600000| Untracked 
|   7|0x00000000e0700000, 0x00000000e0800000, 0x00000000e0800000|100%| O|  |TAMS 0x00000000e0700000| PB 0x00000000e0700000| Untracked 
|   8|0x00000000e0800000, 0x00000000e0900000, 0x00000000e0900000|100%|HS|  |TAMS 0x00000000e0800000| PB 0x00000000e0800000| Complete 
|   9|0x00000000e0900000, 0x00000000e0900000, 0x00000000e0a00000|  0%| F|  |TAMS 0x00000000e0900000| PB 0x00000000e0900000| Untracked 
|  10|0x00000000e0a00000, 0x00000000e0b00000, 0x00000000e0b00000|100%| O|  |TAMS 0x00000000e0a00000| PB 0x00000000e0a00000| Untracked 
|  11|0x00000000e0b00000, 0x00000000e0c00000, 0x00000000e0c00000|100%| O|  |TAMS 0x00000000e0b00000| PB 0x00000000e0b00000| Untracked 
|  12|0x00000000e0c00000, 0x00000000e0cb05e0, 0x00000000e0d00000| 68%| O|  |TAMS 0x00000000e0c00000| PB 0x00000000e0c00000| Untracked 
|  13|0x00000000e0d00000, 0x00000000e0d00000, 0x00000000e0e00000|  0%| F|  |TAMS 0x00000000e0d00000| PB 0x00000000e0d00000| Untracked 
|  14|0x00000000e0e00000, 0x00000000e0e00000, 0x00000000e0f00000|  0%| F|  |TAMS 0x00000000e0e00000| PB 0x00000000e0e00000| Untracked 
|  15|0x00000000e0f00000, 0x00000000e0f00000, 0x00000000e1000000|  0%| F|  |TAMS 0x00000000e0f00000| PB 0x00000000e0f00000| Untracked 
|  16|0x00000000e1000000, 0x00000000e1000000, 0x00000000e1100000|  0%| F|  |TAMS 0x00000000e1000000| PB 0x00000000e1000000| Untracked 
|  17|0x00000000e1100000, 0x00000000e1100000, 0x00000000e1200000|  0%| F|  |TAMS 0x00000000e1100000| PB 0x00000000e1100000| Untracked 
|  18|0x00000000e1200000, 0x00000000e1200000, 0x00000000e1300000|  0%| F|  |TAMS 0x00000000e1200000| PB 0x00000000e1200000| Untracked 
|  19|0x00000000e1300000, 0x00000000e1300000, 0x00000000e1400000|  0%| F|  |TAMS 0x00000000e1300000| PB 0x00000000e1300000| Untracked 
|  20|0x00000000e1400000, 0x00000000e1400000, 0x00000000e1500000|  0%| F|  |TAMS 0x00000000e1400000| PB 0x00000000e1400000| Untracked 
|  21|0x00000000e1500000, 0x00000000e1500000, 0x00000000e1600000|  0%| F|  |TAMS 0x00000000e1500000| PB 0x00000000e1500000| Untracked 
|  22|0x00000000e1600000, 0x00000000e1600000, 0x00000000e1700000|  0%| F|  |TAMS 0x00000000e1600000| PB 0x00000000e1600000| Untracked 
|  23|0x00000000e1700000, 0x00000000e1700000, 0x00000000e1800000|  0%| F|  |TAMS 0x00000000e1700000| PB 0x00000000e1700000| Untracked 
|  24|0x00000000e1800000, 0x00000000e1800000, 0x00000000e1900000|  0%| F|  |TAMS 0x00000000e1800000| PB 0x00000000e1800000| Untracked 
|  25|0x00000000e1900000, 0x00000000e1900000, 0x00000000e1a00000|  0%| F|  |TAMS 0x00000000e1900000| PB 0x00000000e1900000| Untracked 
|  26|0x00000000e1a00000, 0x00000000e1a00000, 0x00000000e1b00000|  0%| F|  |TAMS 0x00000000e1a00000| PB 0x00000000e1a00000| Untracked 
|  27|0x00000000e1b00000, 0x00000000e1b00000, 0x00000000e1c00000|  0%| F|  |TAMS 0x00000000e1b00000| PB 0x00000000e1b00000| Untracked 
|  28|0x00000000e1c00000, 0x00000000e1c00000, 0x00000000e1d00000|  0%| F|  |TAMS 0x00000000e1c00000| PB 0x00000000e1c00000| Untracked 
|  29|0x00000000e1d00000, 0x00000000e1d00000, 0x00000000e1e00000|  0%| F|  |TAMS 0x00000000e1d00000| PB 0x00000000e1d00000| Untracked 
|  30|0x00000000e1e00000, 0x00000000e1e00000, 0x00000000e1f00000|  0%| F|  |TAMS 0x00000000e1e00000| PB 0x00000000e1e00000| Untracked 
|  31|0x00000000e1f00000, 0x00000000e1f00000, 0x00000000e2000000|  0%| F|  |TAMS 0x00000000e1f00000| PB 0x00000000e1f00000| Untracked 
|  32|0x00000000e2000000, 0x00000000e2000000, 0x00000000e2100000|  0%| F|  |TAMS 0x00000000e2000000| PB 0x00000000e2000000| Untracked 
|  33|0x00000000e2100000, 0x00000000e2100000, 0x00000000e2200000|  0%| F|  |TAMS 0x00000000e2100000| PB 0x00000000e2100000| Untracked 
|  34|0x00000000e2200000, 0x00000000e2200000, 0x00000000e2300000|  0%| F|  |TAMS 0x00000000e2200000| PB 0x00000000e2200000| Untracked 
|  35|0x00000000e2300000, 0x00000000e2300000, 0x00000000e2400000|  0%| F|  |TAMS 0x00000000e2300000| PB 0x00000000e2300000| Untracked 
|  36|0x00000000e2400000, 0x00000000e2400000, 0x00000000e2500000|  0%| F|  |TAMS 0x00000000e2400000| PB 0x00000000e2400000| Untracked 
|  37|0x00000000e2500000, 0x00000000e2500000, 0x00000000e2600000|  0%| F|  |TAMS 0x00000000e2500000| PB 0x00000000e2500000| Untracked 
|  38|0x00000000e2600000, 0x00000000e2600000, 0x00000000e2700000|  0%| F|  |TAMS 0x00000000e2600000| PB 0x00000000e2600000| Untracked 
|  39|0x00000000e2700000, 0x00000000e2700000, 0x00000000e2800000|  0%| F|  |TAMS 0x00000000e2700000| PB 0x00000000e2700000| Untracked 
|  40|0x00000000e2800000, 0x00000000e2800000, 0x00000000e2900000|  0%| F|  |TAMS 0x00000000e2800000| PB 0x00000000e2800000| Untracked 
|  41|0x00000000e2900000, 0x00000000e2900000, 0x00000000e2a00000|  0%| F|  |TAMS 0x00000000e2900000| PB 0x00000000e2900000| Untracked 
|  42|0x00000000e2a00000, 0x00000000e2a00000, 0x00000000e2b00000|  0%| F|  |TAMS 0x00000000e2a00000| PB 0x00000000e2a00000| Untracked 
|  43|0x00000000e2b00000, 0x00000000e2b00000, 0x00000000e2c00000|  0%| F|  |TAMS 0x00000000e2b00000| PB 0x00000000e2b00000| Untracked 
|  44|0x00000000e2c00000, 0x00000000e2c00000, 0x00000000e2d00000|  0%| F|  |TAMS 0x00000000e2c00000| PB 0x00000000e2c00000| Untracked 
|  45|0x00000000e2d00000, 0x00000000e2d00000, 0x00000000e2e00000|  0%| F|  |TAMS 0x00000000e2d00000| PB 0x00000000e2d00000| Untracked 
|  46|0x00000000e2e00000, 0x00000000e2e00000, 0x00000000e2f00000|  0%| F|  |TAMS 0x00000000e2e00000| PB 0x00000000e2e00000| Untracked 
|  47|0x00000000e2f00000, 0x00000000e2f00000, 0x00000000e3000000|  0%| F|  |TAMS 0x00000000e2f00000| PB 0x00000000e2f00000| Untracked 
|  48|0x00000000e3000000, 0x00000000e3000000, 0x00000000e3100000|  0%| F|  |TAMS 0x00000000e3000000| PB 0x00000000e3000000| Untracked 
|  49|0x00000000e3100000, 0x00000000e3100000, 0x00000000e3200000|  0%| F|  |TAMS 0x00000000e3100000| PB 0x00000000e3100000| Untracked 
|  50|0x00000000e3200000, 0x00000000e3200000, 0x00000000e3300000|  0%| F|  |TAMS 0x00000000e3200000| PB 0x00000000e3200000| Untracked 
|  51|0x00000000e3300000, 0x00000000e3300000, 0x00000000e3400000|  0%| F|  |TAMS 0x00000000e3300000| PB 0x00000000e3300000| Untracked 
|  52|0x00000000e3400000, 0x00000000e3400000, 0x00000000e3500000|  0%| F|  |TAMS 0x00000000e3400000| PB 0x00000000e3400000| Untracked 
|  53|0x00000000e3500000, 0x00000000e3500000, 0x00000000e3600000|  0%| F|  |TAMS 0x00000000e3500000| PB 0x00000000e3500000| Untracked 
|  54|0x00000000e3600000, 0x00000000e3600000, 0x00000000e3700000|  0%| F|  |TAMS 0x00000000e3600000| PB 0x00000000e3600000| Untracked 
|  55|0x00000000e3700000, 0x00000000e3700000, 0x00000000e3800000|  0%| F|  |TAMS 0x00000000e3700000| PB 0x00000000e3700000| Untracked 
|  56|0x00000000e3800000, 0x00000000e3800000, 0x00000000e3900000|  0%| F|  |TAMS 0x00000000e3800000| PB 0x00000000e3800000| Untracked 
|  57|0x00000000e3900000, 0x00000000e3900000, 0x00000000e3a00000|  0%| F|  |TAMS 0x00000000e3900000| PB 0x00000000e3900000| Untracked 
|  58|0x00000000e3a00000, 0x00000000e3a00000, 0x00000000e3b00000|  0%| F|  |TAMS 0x00000000e3a00000| PB 0x00000000e3a00000| Untracked 
|  59|0x00000000e3b00000, 0x00000000e3b00000, 0x00000000e3c00000|  0%| F|  |TAMS 0x00000000e3b00000| PB 0x00000000e3b00000| Untracked 
|  60|0x00000000e3c00000, 0x00000000e3c00000, 0x00000000e3d00000|  0%| F|  |TAMS 0x00000000e3c00000| PB 0x00000000e3c00000| Untracked 
|  61|0x00000000e3d00000, 0x00000000e3d00000, 0x00000000e3e00000|  0%| F|  |TAMS 0x00000000e3d00000| PB 0x00000000e3d00000| Untracked 
|  62|0x00000000e3e00000, 0x00000000e3e00000, 0x00000000e3f00000|  0%| F|  |TAMS 0x00000000e3e00000| PB 0x00000000e3e00000| Untracked 
|  63|0x00000000e3f00000, 0x00000000e3f00000, 0x00000000e4000000|  0%| F|  |TAMS 0x00000000e3f00000| PB 0x00000000e3f00000| Untracked 
|  64|0x00000000e4000000, 0x00000000e4000000, 0x00000000e4100000|  0%| F|  |TAMS 0x00000000e4000000| PB 0x00000000e4000000| Untracked 
|  65|0x00000000e4100000, 0x00000000e4100000, 0x00000000e4200000|  0%| F|  |TAMS 0x00000000e4100000| PB 0x00000000e4100000| Untracked 
|  66|0x00000000e4200000, 0x00000000e4200000, 0x00000000e4300000|  0%| F|  |TAMS 0x00000000e4200000| PB 0x00000000e4200000| Untracked 
|  67|0x00000000e4300000, 0x00000000e4300000, 0x00000000e4400000|  0%| F|  |TAMS 0x00000000e4300000| PB 0x00000000e4300000| Untracked 
|  68|0x00000000e4400000, 0x00000000e4400000, 0x00000000e4500000|  0%| F|  |TAMS 0x00000000e4400000| PB 0x00000000e4400000| Untracked 
|  69|0x00000000e4500000, 0x00000000e4500000, 0x00000000e4600000|  0%| F|  |TAMS 0x00000000e4500000| PB 0x00000000e4500000| Untracked 
|  70|0x00000000e4600000, 0x00000000e4600000, 0x00000000e4700000|  0%| F|  |TAMS 0x00000000e4600000| PB 0x00000000e4600000| Untracked 
|  71|0x00000000e4700000, 0x00000000e4700000, 0x00000000e4800000|  0%| F|  |TAMS 0x00000000e4700000| PB 0x00000000e4700000| Untracked 
|  72|0x00000000e4800000, 0x00000000e4800000, 0x00000000e4900000|  0%| F|  |TAMS 0x00000000e4800000| PB 0x00000000e4800000| Untracked 
|  73|0x00000000e4900000, 0x00000000e4900000, 0x00000000e4a00000|  0%| F|  |TAMS 0x00000000e4900000| PB 0x00000000e4900000| Untracked 
|  74|0x00000000e4a00000, 0x00000000e4a00000, 0x00000000e4b00000|  0%| F|  |TAMS 0x00000000e4a00000| PB 0x00000000e4a00000| Untracked 
|  75|0x00000000e4b00000, 0x00000000e4b00000, 0x00000000e4c00000|  0%| F|  |TAMS 0x00000000e4b00000| PB 0x00000000e4b00000| Untracked 
|  76|0x00000000e4c00000, 0x00000000e4c00000, 0x00000000e4d00000|  0%| F|  |TAMS 0x00000000e4c00000| PB 0x00000000e4c00000| Untracked 
|  77|0x00000000e4d00000, 0x00000000e4d00000, 0x00000000e4e00000|  0%| F|  |TAMS 0x00000000e4d00000| PB 0x00000000e4d00000| Untracked 
|  78|0x00000000e4e00000, 0x00000000e4e00000, 0x00000000e4f00000|  0%| F|  |TAMS 0x00000000e4e00000| PB 0x00000000e4e00000| Untracked 
|  79|0x00000000e4f00000, 0x00000000e4f00000, 0x00000000e5000000|  0%| F|  |TAMS 0x00000000e4f00000| PB 0x00000000e4f00000| Untracked 
|  80|0x00000000e5000000, 0x00000000e5000000, 0x00000000e5100000|  0%| F|  |TAMS 0x00000000e5000000| PB 0x00000000e5000000| Untracked 
|  81|0x00000000e5100000, 0x00000000e5100000, 0x00000000e5200000|  0%| F|  |TAMS 0x00000000e5100000| PB 0x00000000e5100000| Untracked 
|  82|0x00000000e5200000, 0x00000000e5200000, 0x00000000e5300000|  0%| F|  |TAMS 0x00000000e5200000| PB 0x00000000e5200000| Untracked 
|  83|0x00000000e5300000, 0x00000000e5300000, 0x00000000e5400000|  0%| F|  |TAMS 0x00000000e5300000| PB 0x00000000e5300000| Untracked 
|  84|0x00000000e5400000, 0x00000000e5400000, 0x00000000e5500000|  0%| F|  |TAMS 0x00000000e5400000| PB 0x00000000e5400000| Untracked 
|  85|0x00000000e5500000, 0x00000000e5500000, 0x00000000e5600000|  0%| F|  |TAMS 0x00000000e5500000| PB 0x00000000e5500000| Untracked 
|  86|0x00000000e5600000, 0x00000000e5600000, 0x00000000e5700000|  0%| F|  |TAMS 0x00000000e5600000| PB 0x00000000e5600000| Untracked 
|  87|0x00000000e5700000, 0x00000000e5700000, 0x00000000e5800000|  0%| F|  |TAMS 0x00000000e5700000| PB 0x00000000e5700000| Untracked 
|  88|0x00000000e5800000, 0x00000000e5800000, 0x00000000e5900000|  0%| F|  |TAMS 0x00000000e5800000| PB 0x00000000e5800000| Untracked 
|  89|0x00000000e5900000, 0x00000000e5900000, 0x00000000e5a00000|  0%| F|  |TAMS 0x00000000e5900000| PB 0x00000000e5900000| Untracked 
|  90|0x00000000e5a00000, 0x00000000e5a00000, 0x00000000e5b00000|  0%| F|  |TAMS 0x00000000e5a00000| PB 0x00000000e5a00000| Untracked 
|  91|0x00000000e5b00000, 0x00000000e5b00000, 0x00000000e5c00000|  0%| F|  |TAMS 0x00000000e5b00000| PB 0x00000000e5b00000| Untracked 
|  92|0x00000000e5c00000, 0x00000000e5c00000, 0x00000000e5d00000|  0%| F|  |TAMS 0x00000000e5c00000| PB 0x00000000e5c00000| Untracked 
|  93|0x00000000e5d00000, 0x00000000e5d00000, 0x00000000e5e00000|  0%| F|  |TAMS 0x00000000e5d00000| PB 0x00000000e5d00000| Untracked 
|  94|0x00000000e5e00000, 0x00000000e5e00000, 0x00000000e5f00000|  0%| F|  |TAMS 0x00000000e5e00000| PB 0x00000000e5e00000| Untracked 
|  95|0x00000000e5f00000, 0x00000000e5f00000, 0x00000000e6000000|  0%| F|  |TAMS 0x00000000e5f00000| PB 0x00000000e5f00000| Untracked 
|  96|0x00000000e6000000, 0x00000000e6000000, 0x00000000e6100000|  0%| F|  |TAMS 0x00000000e6000000| PB 0x00000000e6000000| Untracked 
|  97|0x00000000e6100000, 0x00000000e6100000, 0x00000000e6200000|  0%| F|  |TAMS 0x00000000e6100000| PB 0x00000000e6100000| Untracked 
|  98|0x00000000e6200000, 0x00000000e6200000, 0x00000000e6300000|  0%| F|  |TAMS 0x00000000e6200000| PB 0x00000000e6200000| Untracked 
|  99|0x00000000e6300000, 0x00000000e6300000, 0x00000000e6400000|  0%| F|  |TAMS 0x00000000e6300000| PB 0x00000000e6300000| Untracked 
| 100|0x00000000e6400000, 0x00000000e6400000, 0x00000000e6500000|  0%| F|  |TAMS 0x00000000e6400000| PB 0x00000000e6400000| Untracked 
| 101|0x00000000e6500000, 0x00000000e6500000, 0x00000000e6600000|  0%| F|  |TAMS 0x00000000e6500000| PB 0x00000000e6500000| Untracked 
| 102|0x00000000e6600000, 0x00000000e6600000, 0x00000000e6700000|  0%| F|  |TAMS 0x00000000e6600000| PB 0x00000000e6600000| Untracked 
| 103|0x00000000e6700000, 0x00000000e6700000, 0x00000000e6800000|  0%| F|  |TAMS 0x00000000e6700000| PB 0x00000000e6700000| Untracked 
| 104|0x00000000e6800000, 0x00000000e6800000, 0x00000000e6900000|  0%| F|  |TAMS 0x00000000e6800000| PB 0x00000000e6800000| Untracked 
| 105|0x00000000e6900000, 0x00000000e6900000, 0x00000000e6a00000|  0%| F|  |TAMS 0x00000000e6900000| PB 0x00000000e6900000| Untracked 
| 106|0x00000000e6a00000, 0x00000000e6a00000, 0x00000000e6b00000|  0%| F|  |TAMS 0x00000000e6a00000| PB 0x00000000e6a00000| Untracked 
| 107|0x00000000e6b00000, 0x00000000e6b00000, 0x00000000e6c00000|  0%| F|  |TAMS 0x00000000e6b00000| PB 0x00000000e6b00000| Untracked 
| 108|0x00000000e6c00000, 0x00000000e6c00000, 0x00000000e6d00000|  0%| F|  |TAMS 0x00000000e6c00000| PB 0x00000000e6c00000| Untracked 
| 109|0x00000000e6d00000, 0x00000000e6d00000, 0x00000000e6e00000|  0%| F|  |TAMS 0x00000000e6d00000| PB 0x00000000e6d00000| Untracked 
| 110|0x00000000e6e00000, 0x00000000e6e00000, 0x00000000e6f00000|  0%| F|  |TAMS 0x00000000e6e00000| PB 0x00000000e6e00000| Untracked 
| 111|0x00000000e6f00000, 0x00000000e6f00000, 0x00000000e7000000|  0%| F|  |TAMS 0x00000000e6f00000| PB 0x00000000e6f00000| Untracked 
| 112|0x00000000e7000000, 0x00000000e7000000, 0x00000000e7100000|  0%| F|  |TAMS 0x00000000e7000000| PB 0x00000000e7000000| Untracked 
| 113|0x00000000e7100000, 0x00000000e7100000, 0x00000000e7200000|  0%| F|  |TAMS 0x00000000e7100000| PB 0x00000000e7100000| Untracked 
| 114|0x00000000e7200000, 0x00000000e7200000, 0x00000000e7300000|  0%| F|  |TAMS 0x00000000e7200000| PB 0x00000000e7200000| Untracked 
| 115|0x00000000e7300000, 0x00000000e7300000, 0x00000000e7400000|  0%| F|  |TAMS 0x00000000e7300000| PB 0x00000000e7300000| Untracked 
| 116|0x00000000e7400000, 0x00000000e7400000, 0x00000000e7500000|  0%| F|  |TAMS 0x00000000e7400000| PB 0x00000000e7400000| Untracked 
| 117|0x00000000e7500000, 0x00000000e7500000, 0x00000000e7600000|  0%| F|  |TAMS 0x00000000e7500000| PB 0x00000000e7500000| Untracked 
| 118|0x00000000e7600000, 0x00000000e7600000, 0x00000000e7700000|  0%| F|  |TAMS 0x00000000e7600000| PB 0x00000000e7600000| Untracked 
| 119|0x00000000e7700000, 0x00000000e7700000, 0x00000000e7800000|  0%| F|  |TAMS 0x00000000e7700000| PB 0x00000000e7700000| Untracked 
| 120|0x00000000e7800000, 0x00000000e7800000, 0x00000000e7900000|  0%| F|  |TAMS 0x00000000e7800000| PB 0x00000000e7800000| Untracked 
| 121|0x00000000e7900000, 0x00000000e7900000, 0x00000000e7a00000|  0%| F|  |TAMS 0x00000000e7900000| PB 0x00000000e7900000| Untracked 
| 122|0x00000000e7a00000, 0x00000000e7a00000, 0x00000000e7b00000|  0%| F|  |TAMS 0x00000000e7a00000| PB 0x00000000e7a00000| Untracked 
| 123|0x00000000e7b00000, 0x00000000e7b00000, 0x00000000e7c00000|  0%| F|  |TAMS 0x00000000e7b00000| PB 0x00000000e7b00000| Untracked 
| 124|0x00000000e7c00000, 0x00000000e7c00000, 0x00000000e7d00000|  0%| F|  |TAMS 0x00000000e7c00000| PB 0x00000000e7c00000| Untracked 
| 125|0x00000000e7d00000, 0x00000000e7d00000, 0x00000000e7e00000|  0%| F|  |TAMS 0x00000000e7d00000| PB 0x00000000e7d00000| Untracked 
| 126|0x00000000e7e00000, 0x00000000e7e00000, 0x00000000e7f00000|  0%| F|  |TAMS 0x00000000e7e00000| PB 0x00000000e7e00000| Untracked 
| 127|0x00000000e7f00000, 0x00000000e7f00000, 0x00000000e8000000|  0%| F|  |TAMS 0x00000000e7f00000| PB 0x00000000e7f00000| Untracked 
| 128|0x00000000e8000000, 0x00000000e8000000, 0x00000000e8100000|  0%| F|  |TAMS 0x00000000e8000000| PB 0x00000000e8000000| Untracked 
| 129|0x00000000e8100000, 0x00000000e8100000, 0x00000000e8200000|  0%| F|  |TAMS 0x00000000e8100000| PB 0x00000000e8100000| Untracked 
| 130|0x00000000e8200000, 0x00000000e8200000, 0x00000000e8300000|  0%| F|  |TAMS 0x00000000e8200000| PB 0x00000000e8200000| Untracked 
| 131|0x00000000e8300000, 0x00000000e8300000, 0x00000000e8400000|  0%| F|  |TAMS 0x00000000e8300000| PB 0x00000000e8300000| Untracked 
| 132|0x00000000e8400000, 0x00000000e8400000, 0x00000000e8500000|  0%| F|  |TAMS 0x00000000e8400000| PB 0x00000000e8400000| Untracked 
| 133|0x00000000e8500000, 0x00000000e8500000, 0x00000000e8600000|  0%| F|  |TAMS 0x00000000e8500000| PB 0x00000000e8500000| Untracked 
| 134|0x00000000e8600000, 0x00000000e8600000, 0x00000000e8700000|  0%| F|  |TAMS 0x00000000e8600000| PB 0x00000000e8600000| Untracked 
| 135|0x00000000e8700000, 0x00000000e8700000, 0x00000000e8800000|  0%| F|  |TAMS 0x00000000e8700000| PB 0x00000000e8700000| Untracked 
| 136|0x00000000e8800000, 0x00000000e8800000, 0x00000000e8900000|  0%| F|  |TAMS 0x00000000e8800000| PB 0x00000000e8800000| Untracked 
| 137|0x00000000e8900000, 0x00000000e8900000, 0x00000000e8a00000|  0%| F|  |TAMS 0x00000000e8900000| PB 0x00000000e8900000| Untracked 
| 138|0x00000000e8a00000, 0x00000000e8a00000, 0x00000000e8b00000|  0%| F|  |TAMS 0x00000000e8a00000| PB 0x00000000e8a00000| Untracked 
| 139|0x00000000e8b00000, 0x00000000e8b00000, 0x00000000e8c00000|  0%| F|  |TAMS 0x00000000e8b00000| PB 0x00000000e8b00000| Untracked 
| 140|0x00000000e8c00000, 0x00000000e8c00000, 0x00000000e8d00000|  0%| F|  |TAMS 0x00000000e8c00000| PB 0x00000000e8c00000| Untracked 
| 141|0x00000000e8d00000, 0x00000000e8d00000, 0x00000000e8e00000|  0%| F|  |TAMS 0x00000000e8d00000| PB 0x00000000e8d00000| Untracked 
| 142|0x00000000e8e00000, 0x00000000e8e00000, 0x00000000e8f00000|  0%| F|  |TAMS 0x00000000e8e00000| PB 0x00000000e8e00000| Untracked 
| 143|0x00000000e8f00000, 0x00000000e8f00000, 0x00000000e9000000|  0%| F|  |TAMS 0x00000000e8f00000| PB 0x00000000e8f00000| Untracked 
| 144|0x00000000e9000000, 0x00000000e9000000, 0x00000000e9100000|  0%| F|  |TAMS 0x00000000e9000000| PB 0x00000000e9000000| Untracked 
| 145|0x00000000e9100000, 0x00000000e9100000, 0x00000000e9200000|  0%| F|  |TAMS 0x00000000e9100000| PB 0x00000000e9100000| Untracked 
| 146|0x00000000e9200000, 0x00000000e9200000, 0x00000000e9300000|  0%| F|  |TAMS 0x00000000e9200000| PB 0x00000000e9200000| Untracked 
| 147|0x00000000e9300000, 0x00000000e9300000, 0x00000000e9400000|  0%| F|  |TAMS 0x00000000e9300000| PB 0x00000000e9300000| Untracked 
| 148|0x00000000e9400000, 0x00000000e9400000, 0x00000000e9500000|  0%| F|  |TAMS 0x00000000e9400000| PB 0x00000000e9400000| Untracked 
| 149|0x00000000e9500000, 0x00000000e9500000, 0x00000000e9600000|  0%| F|  |TAMS 0x00000000e9500000| PB 0x00000000e9500000| Untracked 
| 150|0x00000000e9600000, 0x00000000e9600000, 0x00000000e9700000|  0%| F|  |TAMS 0x00000000e9600000| PB 0x00000000e9600000| Untracked 
| 151|0x00000000e9700000, 0x00000000e9700000, 0x00000000e9800000|  0%| F|  |TAMS 0x00000000e9700000| PB 0x00000000e9700000| Untracked 
| 152|0x00000000e9800000, 0x00000000e9800000, 0x00000000e9900000|  0%| F|  |TAMS 0x00000000e9800000| PB 0x00000000e9800000| Untracked 
| 153|0x00000000e9900000, 0x00000000e9900000, 0x00000000e9a00000|  0%| F|  |TAMS 0x00000000e9900000| PB 0x00000000e9900000| Untracked 
| 154|0x00000000e9a00000, 0x00000000e9a00000, 0x00000000e9b00000|  0%| F|  |TAMS 0x00000000e9a00000| PB 0x00000000e9a00000| Untracked 
| 155|0x00000000e9b00000, 0x00000000e9b00000, 0x00000000e9c00000|  0%| F|  |TAMS 0x00000000e9b00000| PB 0x00000000e9b00000| Untracked 
| 156|0x00000000e9c00000, 0x00000000e9c00000, 0x00000000e9d00000|  0%| F|  |TAMS 0x00000000e9c00000| PB 0x00000000e9c00000| Untracked 
| 157|0x00000000e9d00000, 0x00000000e9d00000, 0x00000000e9e00000|  0%| F|  |TAMS 0x00000000e9d00000| PB 0x00000000e9d00000| Untracked 
| 158|0x00000000e9e00000, 0x00000000e9e00000, 0x00000000e9f00000|  0%| F|  |TAMS 0x00000000e9e00000| PB 0x00000000e9e00000| Untracked 
| 159|0x00000000e9f00000, 0x00000000e9f00000, 0x00000000ea000000|  0%| F|  |TAMS 0x00000000e9f00000| PB 0x00000000e9f00000| Untracked 
| 160|0x00000000ea000000, 0x00000000ea000000, 0x00000000ea100000|  0%| F|  |TAMS 0x00000000ea000000| PB 0x00000000ea000000| Untracked 
| 161|0x00000000ea100000, 0x00000000ea100000, 0x00000000ea200000|  0%| F|  |TAMS 0x00000000ea100000| PB 0x00000000ea100000| Untracked 
| 162|0x00000000ea200000, 0x00000000ea300000, 0x00000000ea300000|100%| E|  |TAMS 0x00000000ea200000| PB 0x00000000ea200000| Complete 
| 163|0x00000000ea300000, 0x00000000ea400000, 0x00000000ea400000|100%| E|CS|TAMS 0x00000000ea300000| PB 0x00000000ea300000| Complete 
| 164|0x00000000ea400000, 0x00000000ea500000, 0x00000000ea500000|100%| E|CS|TAMS 0x00000000ea400000| PB 0x00000000ea400000| Complete 
| 165|0x00000000ea500000, 0x00000000ea600000, 0x00000000ea600000|100%| E|CS|TAMS 0x00000000ea500000| PB 0x00000000ea500000| Complete 
| 166|0x00000000ea600000, 0x00000000ea700000, 0x00000000ea700000|100%| E|CS|TAMS 0x00000000ea600000| PB 0x00000000ea600000| Complete 
| 167|0x00000000ea700000, 0x00000000ea800000, 0x00000000ea800000|100%| E|CS|TAMS 0x00000000ea700000| PB 0x00000000ea700000| Complete 
| 168|0x00000000ea800000, 0x00000000ea900000, 0x00000000ea900000|100%| E|CS|TAMS 0x00000000ea800000| PB 0x00000000ea800000| Complete 
| 169|0x00000000ea900000, 0x00000000eaa00000, 0x00000000eaa00000|100%| E|CS|TAMS 0x00000000ea900000| PB 0x00000000ea900000| Complete 
| 170|0x00000000eaa00000, 0x00000000eab00000, 0x00000000eab00000|100%| E|CS|TAMS 0x00000000eaa00000| PB 0x00000000eaa00000| Complete 
| 171|0x00000000eab00000, 0x00000000eac00000, 0x00000000eac00000|100%| E|CS|TAMS 0x00000000eab00000| PB 0x00000000eab00000| Complete 
| 172|0x00000000eac00000, 0x00000000ead00000, 0x00000000ead00000|100%| E|CS|TAMS 0x00000000eac00000| PB 0x00000000eac00000| Complete 
| 173|0x00000000ead00000, 0x00000000eae00000, 0x00000000eae00000|100%| E|CS|TAMS 0x00000000ead00000| PB 0x00000000ead00000| Complete 
| 174|0x00000000eae00000, 0x00000000eaf00000, 0x00000000eaf00000|100%| E|CS|TAMS 0x00000000eae00000| PB 0x00000000eae00000| Complete 
| 175|0x00000000eaf00000, 0x00000000eb000000, 0x00000000eb000000|100%| E|CS|TAMS 0x00000000eaf00000| PB 0x00000000eaf00000| Complete 
| 176|0x00000000eb000000, 0x00000000eb100000, 0x00000000eb100000|100%| E|CS|TAMS 0x00000000eb000000| PB 0x00000000eb000000| Complete 
| 177|0x00000000eb100000, 0x00000000eb200000, 0x00000000eb200000|100%| E|CS|TAMS 0x00000000eb100000| PB 0x00000000eb100000| Complete 
| 178|0x00000000eb200000, 0x00000000eb300000, 0x00000000eb300000|100%| E|CS|TAMS 0x00000000eb200000| PB 0x00000000eb200000| Complete 
| 179|0x00000000eb300000, 0x00000000eb400000, 0x00000000eb400000|100%| E|CS|TAMS 0x00000000eb300000| PB 0x00000000eb300000| Complete 
| 180|0x00000000eb400000, 0x00000000eb500000, 0x00000000eb500000|100%| E|CS|TAMS 0x00000000eb400000| PB 0x00000000eb400000| Complete 
| 181|0x00000000eb500000, 0x00000000eb600000, 0x00000000eb600000|100%| E|CS|TAMS 0x00000000eb500000| PB 0x00000000eb500000| Complete 
| 182|0x00000000eb600000, 0x00000000eb700000, 0x00000000eb700000|100%| E|CS|TAMS 0x00000000eb600000| PB 0x00000000eb600000| Complete 
| 183|0x00000000eb700000, 0x00000000eb800000, 0x00000000eb800000|100%| E|CS|TAMS 0x00000000eb700000| PB 0x00000000eb700000| Complete 
| 184|0x00000000eb800000, 0x00000000eb900000, 0x00000000eb900000|100%| E|CS|TAMS 0x00000000eb800000| PB 0x00000000eb800000| Complete 
| 185|0x00000000eb900000, 0x00000000eba00000, 0x00000000eba00000|100%| E|CS|TAMS 0x00000000eb900000| PB 0x00000000eb900000| Complete 
| 186|0x00000000eba00000, 0x00000000ebb00000, 0x00000000ebb00000|100%| E|CS|TAMS 0x00000000eba00000| PB 0x00000000eba00000| Complete 
| 187|0x00000000ebb00000, 0x00000000ebc00000, 0x00000000ebc00000|100%| E|CS|TAMS 0x00000000ebb00000| PB 0x00000000ebb00000| Complete 
| 188|0x00000000ebc00000, 0x00000000ebd00000, 0x00000000ebd00000|100%| E|CS|TAMS 0x00000000ebc00000| PB 0x00000000ebc00000| Complete 
| 189|0x00000000ebd00000, 0x00000000ebe00000, 0x00000000ebe00000|100%| E|CS|TAMS 0x00000000ebd00000| PB 0x00000000ebd00000| Complete 
| 190|0x00000000ebe00000, 0x00000000ebf00000, 0x00000000ebf00000|100%| E|CS|TAMS 0x00000000ebe00000| PB 0x00000000ebe00000| Complete 
| 191|0x00000000ebf00000, 0x00000000ec000000, 0x00000000ec000000|100%| E|CS|TAMS 0x00000000ebf00000| PB 0x00000000ebf00000| Complete 
| 192|0x00000000ec000000, 0x00000000ec100000, 0x00000000ec100000|100%| E|CS|TAMS 0x00000000ec000000| PB 0x00000000ec000000| Complete 
| 193|0x00000000ec100000, 0x00000000ec200000, 0x00000000ec200000|100%| E|CS|TAMS 0x00000000ec100000| PB 0x00000000ec100000| Complete 
| 194|0x00000000ec200000, 0x00000000ec300000, 0x00000000ec300000|100%| E|CS|TAMS 0x00000000ec200000| PB 0x00000000ec200000| Complete 
| 195|0x00000000ec300000, 0x00000000ec400000, 0x00000000ec400000|100%| E|CS|TAMS 0x00000000ec300000| PB 0x00000000ec300000| Complete 
| 196|0x00000000ec400000, 0x00000000ec500000, 0x00000000ec500000|100%| E|CS|TAMS 0x00000000ec400000| PB 0x00000000ec400000| Complete 
| 197|0x00000000ec500000, 0x00000000ec600000, 0x00000000ec600000|100%| E|CS|TAMS 0x00000000ec500000| PB 0x00000000ec500000| Complete 
| 198|0x00000000ec600000, 0x00000000ec700000, 0x00000000ec700000|100%| E|CS|TAMS 0x00000000ec600000| PB 0x00000000ec600000| Complete 
| 199|0x00000000ec700000, 0x00000000ec800000, 0x00000000ec800000|100%| E|CS|TAMS 0x00000000ec700000| PB 0x00000000ec700000| Complete 
| 200|0x00000000ec800000, 0x00000000ec900000, 0x00000000ec900000|100%| E|CS|TAMS 0x00000000ec800000| PB 0x00000000ec800000| Complete 
| 201|0x00000000ec900000, 0x00000000eca00000, 0x00000000eca00000|100%| E|CS|TAMS 0x00000000ec900000| PB 0x00000000ec900000| Complete 
| 202|0x00000000eca00000, 0x00000000ecb00000, 0x00000000ecb00000|100%| E|CS|TAMS 0x00000000eca00000| PB 0x00000000eca00000| Complete 
| 203|0x00000000ecb00000, 0x00000000ecc00000, 0x00000000ecc00000|100%| E|CS|TAMS 0x00000000ecb00000| PB 0x00000000ecb00000| Complete 
| 204|0x00000000ecc00000, 0x00000000ecd00000, 0x00000000ecd00000|100%| E|CS|TAMS 0x00000000ecc00000| PB 0x00000000ecc00000| Complete 
| 205|0x00000000ecd00000, 0x00000000ece00000, 0x00000000ece00000|100%| E|CS|TAMS 0x00000000ecd00000| PB 0x00000000ecd00000| Complete 
| 206|0x00000000ece00000, 0x00000000ecf00000, 0x00000000ecf00000|100%| E|CS|TAMS 0x00000000ece00000| PB 0x00000000ece00000| Complete 
| 207|0x00000000ecf00000, 0x00000000ed000000, 0x00000000ed000000|100%| E|CS|TAMS 0x00000000ecf00000| PB 0x00000000ecf00000| Complete 
| 208|0x00000000ed000000, 0x00000000ed100000, 0x00000000ed100000|100%| E|CS|TAMS 0x00000000ed000000| PB 0x00000000ed000000| Complete 
| 209|0x00000000ed100000, 0x00000000ed200000, 0x00000000ed200000|100%| E|CS|TAMS 0x00000000ed100000| PB 0x00000000ed100000| Complete 
| 210|0x00000000ed200000, 0x00000000ed300000, 0x00000000ed300000|100%| E|CS|TAMS 0x00000000ed200000| PB 0x00000000ed200000| Complete 
| 211|0x00000000ed300000, 0x00000000ed400000, 0x00000000ed400000|100%| E|CS|TAMS 0x00000000ed300000| PB 0x00000000ed300000| Complete 
| 212|0x00000000ed400000, 0x00000000ed500000, 0x00000000ed500000|100%| E|CS|TAMS 0x00000000ed400000| PB 0x00000000ed400000| Complete 
| 213|0x00000000ed500000, 0x00000000ed600000, 0x00000000ed600000|100%| E|CS|TAMS 0x00000000ed500000| PB 0x00000000ed500000| Complete 
| 214|0x00000000ed600000, 0x00000000ed700000, 0x00000000ed700000|100%| E|CS|TAMS 0x00000000ed600000| PB 0x00000000ed600000| Complete 
| 215|0x00000000ed700000, 0x00000000ed800000, 0x00000000ed800000|100%| E|CS|TAMS 0x00000000ed700000| PB 0x00000000ed700000| Complete 
| 216|0x00000000ed800000, 0x00000000ed900000, 0x00000000ed900000|100%| E|CS|TAMS 0x00000000ed800000| PB 0x00000000ed800000| Complete 
| 217|0x00000000ed900000, 0x00000000eda00000, 0x00000000eda00000|100%| E|CS|TAMS 0x00000000ed900000| PB 0x00000000ed900000| Complete 
| 218|0x00000000eda00000, 0x00000000edb00000, 0x00000000edb00000|100%| E|CS|TAMS 0x00000000eda00000| PB 0x00000000eda00000| Complete 
| 219|0x00000000edb00000, 0x00000000edc00000, 0x00000000edc00000|100%| E|CS|TAMS 0x00000000edb00000| PB 0x00000000edb00000| Complete 
| 220|0x00000000edc00000, 0x00000000edd00000, 0x00000000edd00000|100%| E|CS|TAMS 0x00000000edc00000| PB 0x00000000edc00000| Complete 
| 221|0x00000000edd00000, 0x00000000ede00000, 0x00000000ede00000|100%| E|CS|TAMS 0x00000000edd00000| PB 0x00000000edd00000| Complete 
| 222|0x00000000ede00000, 0x00000000edf00000, 0x00000000edf00000|100%| E|CS|TAMS 0x00000000ede00000| PB 0x00000000ede00000| Complete 
| 223|0x00000000edf00000, 0x00000000edf195c0, 0x00000000ee000000|  9%| S|CS|TAMS 0x00000000edf00000| PB 0x00000000edf00000| Complete 
| 224|0x00000000ee000000, 0x00000000ee100000, 0x00000000ee100000|100%| S|CS|TAMS 0x00000000ee000000| PB 0x00000000ee000000| Complete 
| 225|0x00000000ee100000, 0x00000000ee200000, 0x00000000ee200000|100%| S|CS|TAMS 0x00000000ee100000| PB 0x00000000ee100000| Complete 
| 226|0x00000000ee200000, 0x00000000ee300000, 0x00000000ee300000|100%| E|CS|TAMS 0x00000000ee200000| PB 0x00000000ee200000| Complete 
| 227|0x00000000ee300000, 0x00000000ee400000, 0x00000000ee400000|100%| E|CS|TAMS 0x00000000ee300000| PB 0x00000000ee300000| Complete 
| 228|0x00000000ee400000, 0x00000000ee500000, 0x00000000ee500000|100%| E|CS|TAMS 0x00000000ee400000| PB 0x00000000ee400000| Complete 
| 229|0x00000000ee500000, 0x00000000ee600000, 0x00000000ee600000|100%| E|CS|TAMS 0x00000000ee500000| PB 0x00000000ee500000| Complete 
| 230|0x00000000ee600000, 0x00000000ee700000, 0x00000000ee700000|100%| E|CS|TAMS 0x00000000ee600000| PB 0x00000000ee600000| Complete 
| 231|0x00000000ee700000, 0x00000000ee800000, 0x00000000ee800000|100%| E|CS|TAMS 0x00000000ee700000| PB 0x00000000ee700000| Complete 
| 232|0x00000000ee800000, 0x00000000ee900000, 0x00000000ee900000|100%| E|CS|TAMS 0x00000000ee800000| PB 0x00000000ee800000| Complete 
| 233|0x00000000ee900000, 0x00000000eea00000, 0x00000000eea00000|100%| E|CS|TAMS 0x00000000ee900000| PB 0x00000000ee900000| Complete 
| 234|0x00000000eea00000, 0x00000000eeb00000, 0x00000000eeb00000|100%| E|CS|TAMS 0x00000000eea00000| PB 0x00000000eea00000| Complete 
| 235|0x00000000eeb00000, 0x00000000eec00000, 0x00000000eec00000|100%| E|CS|TAMS 0x00000000eeb00000| PB 0x00000000eeb00000| Complete 
| 236|0x00000000eec00000, 0x00000000eed00000, 0x00000000eed00000|100%| E|CS|TAMS 0x00000000eec00000| PB 0x00000000eec00000| Complete 
| 237|0x00000000eed00000, 0x00000000eee00000, 0x00000000eee00000|100%| E|CS|TAMS 0x00000000eed00000| PB 0x00000000eed00000| Complete 
| 238|0x00000000eee00000, 0x00000000eef00000, 0x00000000eef00000|100%| E|CS|TAMS 0x00000000eee00000| PB 0x00000000eee00000| Complete 
| 239|0x00000000eef00000, 0x00000000ef000000, 0x00000000ef000000|100%| E|CS|TAMS 0x00000000eef00000| PB 0x00000000eef00000| Complete 
| 240|0x00000000ef000000, 0x00000000ef100000, 0x00000000ef100000|100%| E|CS|TAMS 0x00000000ef000000| PB 0x00000000ef000000| Complete 
| 241|0x00000000ef100000, 0x00000000ef200000, 0x00000000ef200000|100%| E|CS|TAMS 0x00000000ef100000| PB 0x00000000ef100000| Complete 
| 242|0x00000000ef200000, 0x00000000ef300000, 0x00000000ef300000|100%| E|CS|TAMS 0x00000000ef200000| PB 0x00000000ef200000| Complete 
| 243|0x00000000ef300000, 0x00000000ef400000, 0x00000000ef400000|100%| E|CS|TAMS 0x00000000ef300000| PB 0x00000000ef300000| Complete 
| 244|0x00000000ef400000, 0x00000000ef500000, 0x00000000ef500000|100%| E|CS|TAMS 0x00000000ef400000| PB 0x00000000ef400000| Complete 
| 245|0x00000000ef500000, 0x00000000ef600000, 0x00000000ef600000|100%| E|CS|TAMS 0x00000000ef500000| PB 0x00000000ef500000| Complete 
| 246|0x00000000ef600000, 0x00000000ef700000, 0x00000000ef700000|100%| E|CS|TAMS 0x00000000ef600000| PB 0x00000000ef600000| Complete 
| 247|0x00000000ef700000, 0x00000000ef800000, 0x00000000ef800000|100%| E|CS|TAMS 0x00000000ef700000| PB 0x00000000ef700000| Complete 
| 248|0x00000000ef800000, 0x00000000ef900000, 0x00000000ef900000|100%| E|CS|TAMS 0x00000000ef800000| PB 0x00000000ef800000| Complete 
| 249|0x00000000ef900000, 0x00000000efa00000, 0x00000000efa00000|100%| E|CS|TAMS 0x00000000ef900000| PB 0x00000000ef900000| Complete 
| 250|0x00000000efa00000, 0x00000000efb00000, 0x00000000efb00000|100%| E|CS|TAMS 0x00000000efa00000| PB 0x00000000efa00000| Complete 
| 251|0x00000000efb00000, 0x00000000efc00000, 0x00000000efc00000|100%| E|CS|TAMS 0x00000000efb00000| PB 0x00000000efb00000| Complete 
| 252|0x00000000efc00000, 0x00000000efd00000, 0x00000000efd00000|100%| E|CS|TAMS 0x00000000efc00000| PB 0x00000000efc00000| Complete 
| 253|0x00000000efd00000, 0x00000000efe00000, 0x00000000efe00000|100%| E|CS|TAMS 0x00000000efd00000| PB 0x00000000efd00000| Complete 
| 254|0x00000000efe00000, 0x00000000eff00000, 0x00000000eff00000|100%| E|CS|TAMS 0x00000000efe00000| PB 0x00000000efe00000| Complete 
| 255|0x00000000eff00000, 0x00000000f0000000, 0x00000000f0000000|100%| E|CS|TAMS 0x00000000eff00000| PB 0x00000000eff00000| Complete 

Card table byte_map: [0x0000027c76e30000,0x0000027c76f30000] _byte_map_base: 0x0000027c76730000

Marking Bits: (CMBitMap*) 0x0000027c73830aa0
 Bits: [0x0000027c76f30000, 0x0000027c77730000)

Polling page: 0x0000027c715a0000

Metaspace:

Usage:
  Non-class:     15.11 MB used.
      Class:      2.39 MB used.
       Both:     17.51 MB used.

Virtual space:
  Non-class space:       64.00 MB reserved,      15.38 MB ( 24%) committed,  1 nodes.
      Class space:      320.00 MB reserved,       2.62 MB ( <1%) committed,  1 nodes.
             Both:      384.00 MB reserved,      18.00 MB (  5%) committed. 

Chunk freelists:
   Non-Class:  304.00 KB
       Class:  13.22 MB
        Both:  13.52 MB

MaxMetaspaceSize: 384.00 MB
CompressedClassSpaceSize: 320.00 MB
Initial GC threshold: 21.00 MB
Current GC threshold: 21.00 MB
CDS: on
 - commit_granule_bytes: 65536.
 - commit_granule_words: 8192.
 - virtual_space_node_default_size: 8388608.
 - enlarge_chunks_in_place: 1.
 - use_allocation_guard: 0.


Internal statistics:

num_allocs_failed_limit: 0.
num_arena_births: 626.
num_arena_deaths: 0.
num_vsnodes_births: 2.
num_vsnodes_deaths: 0.
num_space_committed: 288.
num_space_uncommitted: 0.
num_chunks_returned_to_freelist: 0.
num_chunks_taken_from_freelist: 1249.
num_chunk_merges: 0.
num_chunk_splits: 812.
num_chunks_enlarged: 558.
num_inconsistent_stats: 0.

CodeHeap 'non-profiled nmethods': size=120000Kb used=1411Kb max_used=1411Kb free=118588Kb
 bounds [0x0000027c07ad0000, 0x0000027c07d40000, 0x0000027c0f000000]
CodeHeap 'profiled nmethods': size=120000Kb used=6234Kb max_used=6234Kb free=113765Kb
 bounds [0x0000027c00000000, 0x0000027c00620000, 0x0000027c07530000]
CodeHeap 'non-nmethods': size=5760Kb used=1542Kb max_used=1588Kb free=4217Kb
 bounds [0x0000027c07530000, 0x0000027c077a0000, 0x0000027c07ad0000]
CodeCache: size=245760Kb, used=9187Kb, max_used=9233Kb, free=236570Kb
 total_blobs=3714, nmethods=3146, adapters=472, full_count=0
Compilation: enabled, stopped_count=0, restarted_count=0

Compilation events (20 events):
Event: 29.748 Thread 0x0000027c7a1b7300 3133       4       java.util.Arrays::equals (57 bytes)
Event: 29.749 Thread 0x0000027c7a1ccf50 nmethod 3131 0x0000027c0060fe10 code [0x0000027c00610020, 0x0000027c006107f0]
Event: 29.752 Thread 0x0000027c7a1b7300 nmethod 3133 0x0000027c07c2f190 code [0x0000027c07c2f320, 0x0000027c07c2f4d8]
Event: 29.792 Thread 0x0000027c7a1b7300 3134  s    4       java.lang.Throwable::fillInStackTrace (29 bytes)
Event: 29.815 Thread 0x0000027c7a1b7300 nmethod 3134 0x0000027c07c2f990 code [0x0000027c07c2fb40, 0x0000027c07c2ff08]
Event: 29.851 Thread 0x0000027c7a1ccf50 3137       3       java.lang.invoke.InvokerBytecodeGenerator::<init> (12 bytes)
Event: 29.851 Thread 0x0000027c7a1ccf50 nmethod 3137 0x0000027c00610b10 code [0x0000027c00610cc0, 0x0000027c00610e78]
Event: 29.851 Thread 0x0000027c7a1ccf50 3138       3       java.lang.invoke.InvokerBytecodeGenerator::generateCustomizedCodeBytes (37 bytes)
Event: 29.852 Thread 0x0000027c7a1ccf50 nmethod 3138 0x0000027c00610f90 code [0x0000027c006111a0, 0x0000027c00611580]
Event: 29.852 Thread 0x0000027c7a1ccf50 3139       3       java.lang.invoke.InvokerBytecodeGenerator::loadMethod (39 bytes)
Event: 29.853 Thread 0x0000027c7a1ccf50 nmethod 3139 0x0000027c00611790 code [0x0000027c00611980, 0x0000027c00611c78]
Event: 29.853 Thread 0x0000027c7a1ccf50 3140       3       java.lang.invoke.InvokerBytecodeGenerator::classData (173 bytes)
Event: 29.856 Thread 0x0000027c7a1ccf50 nmethod 3140 0x0000027c00611e10 code [0x0000027c006121a0, 0x0000027c00613738]
Event: 29.856 Thread 0x0000027c7a1ccf50 3141       3       java.lang.invoke.InvokerBytecodeGenerator::<init> (129 bytes)
Event: 29.858 Thread 0x0000027c7a1ccf50 nmethod 3141 0x0000027c00613e10 code [0x0000027c00614100, 0x0000027c006150c8]
Event: 29.938 Thread 0x0000027c7a1ccf50 3142       3       sun.management.MemoryPoolImpl::getType (15 bytes)
Event: 29.938 Thread 0x0000027c7a1ccf50 nmethod 3142 0x0000027c00615690 code [0x0000027c00615840, 0x0000027c006159c0]
Event: 30.000 Thread 0x0000027c7a1b7300 3143       4       java.lang.ClassNotFoundException::<init> (7 bytes)
Event: 30.006 Thread 0x0000027c7a1b7300 nmethod 3143 0x0000027c07c30310 code [0x0000027c07c304e0, 0x0000027c07c30c40]
Event: 30.022 Thread 0x0000027c7a1b7300 3144       4       java.lang.invoke.MethodType::makeImpl (109 bytes)

GC Heap History (4 events):
Event: 7.112 GC heap before
{Heap before GC invocations=0 (full 0):
 garbage-first heap   total 262144K, used 27648K [0x00000000e0000000, 0x0000000100000000)
  region size 1024K, 23 young (23552K), 0 survivors (0K)
 Metaspace       used 2966K, committed 3200K, reserved 393216K
  class space    used 354K, committed 448K, reserved 327680K
}
Event: 7.145 GC heap after
{Heap after GC invocations=1 (full 0):
 garbage-first heap   total 262144K, used 10858K [0x00000000e0000000, 0x0000000100000000)
  region size 1024K, 3 young (3072K), 3 survivors (3072K)
 Metaspace       used 2966K, committed 3200K, reserved 393216K
  class space    used 354K, committed 448K, reserved 327680K
}
Event: 10.676 GC heap before
{Heap before GC invocations=1 (full 0):
 garbage-first heap   total 262144K, used 40554K [0x00000000e0000000, 0x0000000100000000)
  region size 1024K, 30 young (30720K), 3 survivors (3072K)
 Metaspace       used 4615K, committed 4800K, reserved 393216K
  class space    used 590K, committed 704K, reserved 327680K
}
Event: 10.683 GC heap after
{Heap after GC invocations=2 (full 0):
 garbage-first heap   total 262144K, used 14118K [0x00000000e0000000, 0x0000000100000000)
  region size 1024K, 3 young (3072K), 3 survivors (3072K)
 Metaspace       used 4615K, committed 4800K, reserved 393216K
  class space    used 590K, committed 704K, reserved 327680K
}

Dll operation events (20 events):
Event: 0.946 Attempting to load shared library C:\Users\isabo\.vscode\extensions\redhat.java-1.56.0-win32-x64\jre\21.0.12.1-win32-x86_64\bin\nio.dll
Event: 0.947 Loaded shared library C:\Users\isabo\.vscode\extensions\redhat.java-1.56.0-win32-x64\jre\21.0.12.1-win32-x86_64\bin\nio.dll
Event: 0.960 Attempting to load shared library C:\Users\isabo\.vscode\extensions\redhat.java-1.56.0-win32-x64\jre\21.0.12.1-win32-x86_64\bin\zip.dll
Event: 0.960 Loaded shared library C:\Users\isabo\.vscode\extensions\redhat.java-1.56.0-win32-x64\jre\21.0.12.1-win32-x86_64\bin\zip.dll
Event: 2.608 Attempting to load shared library C:\Users\isabo\.vscode\extensions\redhat.java-1.56.0-win32-x64\jre\21.0.12.1-win32-x86_64\bin\jimage.dll
Event: 2.608 Loaded shared library C:\Users\isabo\.vscode\extensions\redhat.java-1.56.0-win32-x64\jre\21.0.12.1-win32-x86_64\bin\jimage.dll
Event: 3.898 Attempting to load shared library C:\Users\isabo\.vscode\extensions\redhat.java-1.56.0-win32-x64\jre\21.0.12.1-win32-x86_64\bin\verify.dll
Event: 3.899 Loaded shared library C:\Users\isabo\.vscode\extensions\redhat.java-1.56.0-win32-x64\jre\21.0.12.1-win32-x86_64\bin\verify.dll
Event: 4.103 Attempting to load shared library C:\Users\isabo\.gradle\native\660c5614fbf4a5f2a75b1949f50a0caf5cd603558e7d8a26e50b933a0cfb79d1\windows-amd64\native-platform.dll
Event: 4.105 Loaded shared library C:\Users\isabo\.gradle\native\660c5614fbf4a5f2a75b1949f50a0caf5cd603558e7d8a26e50b933a0cfb79d1\windows-amd64\native-platform.dll
Event: 4.227 Attempting to load shared library C:\Users\isabo\.gradle\native\0.2.8\x86_64-windows-gnu\gradle-fileevents.dll
Event: 4.234 Loaded shared library C:\Users\isabo\.gradle\native\0.2.8\x86_64-windows-gnu\gradle-fileevents.dll
Event: 13.509 Attempting to load shared library C:\Users\isabo\.vscode\extensions\redhat.java-1.56.0-win32-x64\jre\21.0.12.1-win32-x86_64\bin\management.dll
Event: 13.510 Loaded shared library C:\Users\isabo\.vscode\extensions\redhat.java-1.56.0-win32-x64\jre\21.0.12.1-win32-x86_64\bin\management.dll
Event: 13.517 Attempting to load shared library C:\Users\isabo\.vscode\extensions\redhat.java-1.56.0-win32-x64\jre\21.0.12.1-win32-x86_64\bin\management_ext.dll
Event: 13.520 Loaded shared library C:\Users\isabo\.vscode\extensions\redhat.java-1.56.0-win32-x64\jre\21.0.12.1-win32-x86_64\bin\management_ext.dll
Event: 17.880 Attempting to load shared library C:\Users\isabo\.vscode\extensions\redhat.java-1.56.0-win32-x64\jre\21.0.12.1-win32-x86_64\bin\extnet.dll
Event: 17.881 Loaded shared library C:\Users\isabo\.vscode\extensions\redhat.java-1.56.0-win32-x64\jre\21.0.12.1-win32-x86_64\bin\extnet.dll
Event: 21.240 Attempting to load shared library C:\Users\isabo\.vscode\extensions\redhat.java-1.56.0-win32-x64\jre\21.0.12.1-win32-x86_64\bin\sunmscapi.dll
Event: 21.251 Loaded shared library C:\Users\isabo\.vscode\extensions\redhat.java-1.56.0-win32-x64\jre\21.0.12.1-win32-x86_64\bin\sunmscapi.dll

Deoptimization events (20 events):
Event: 26.035 Thread 0x0000027c7a5056e0 DEOPT PACKING pc=0x0000027c07be3888 sp=0x000000d916bfc5c0
Event: 26.035 Thread 0x0000027c7a5056e0 DEOPT UNPACKING pc=0x0000027c07587ba2 sp=0x000000d916bfc540 mode 2
Event: 26.035 Thread 0x0000027c7a5056e0 Uncommon trap: trap_request=0xffffffde fr.pc=0x0000027c07be57ec relative=0x00000000000007ac
Event: 26.035 Thread 0x0000027c7a5056e0 Uncommon trap: reason=class_check action=maybe_recompile pc=0x0000027c07be57ec method=java.util.HashMap.putVal(ILjava/lang/Object;Ljava/lang/Object;ZZ)Ljava/lang/Object; @ 91 c2
Event: 26.035 Thread 0x0000027c7a5056e0 DEOPT PACKING pc=0x0000027c07be57ec sp=0x000000d916bfc590
Event: 26.035 Thread 0x0000027c7a5056e0 DEOPT UNPACKING pc=0x0000027c07587ba2 sp=0x000000d916bfc520 mode 2
Event: 26.120 Thread 0x0000027c7a5056e0 Uncommon trap: trap_request=0xffffff45 fr.pc=0x0000027c07b3d680 relative=0x00000000000002c0
Event: 26.120 Thread 0x0000027c7a5056e0 Uncommon trap: reason=unstable_if action=reinterpret pc=0x0000027c07b3d680 method=java.util.concurrent.ConcurrentHashMap.get(Ljava/lang/Object;)Ljava/lang/Object; @ 152 c2
Event: 26.120 Thread 0x0000027c7a5056e0 DEOPT PACKING pc=0x0000027c07b3d680 sp=0x000000d916bfbc60
Event: 26.120 Thread 0x0000027c7a5056e0 DEOPT UNPACKING pc=0x0000027c07587ba2 sp=0x000000d916bfbbc8 mode 2
Event: 26.955 Thread 0x0000027c7a5056e0 DEOPT PACKING pc=0x0000027c005217c6 sp=0x000000d916bf9210
Event: 26.955 Thread 0x0000027c7a5056e0 DEOPT UNPACKING pc=0x0000027c075886e2 sp=0x000000d916bf8790 mode 0
Event: 28.952 Thread 0x0000027c7a5056e0 Uncommon trap: trap_request=0xffffffcc fr.pc=0x0000027c07c26b9c relative=0x000000000000035c
Event: 28.953 Thread 0x0000027c7a5056e0 Uncommon trap: reason=intrinsic_or_type_checked_inlining action=make_not_entrant pc=0x0000027c07c26b9c method=java.util.Arrays.copyOf([Ljava/lang/Object;ILjava/lang/Class;)[Ljava/lang/Object; @ 35 c2
Event: 28.953 Thread 0x0000027c7a5056e0 DEOPT PACKING pc=0x0000027c07c26b9c sp=0x000000d916bfbb90
Event: 28.953 Thread 0x0000027c7a5056e0 DEOPT UNPACKING pc=0x0000027c07587ba2 sp=0x000000d916bfbb20 mode 2
Event: 29.722 Thread 0x0000027c7a5056e0 Uncommon trap: trap_request=0xffffff45 fr.pc=0x0000027c07af7a94 relative=0x00000000000000f4
Event: 29.722 Thread 0x0000027c7a5056e0 Uncommon trap: reason=unstable_if action=reinterpret pc=0x0000027c07af7a94 method=java.util.HashMap.hash(Ljava/lang/Object;)I @ 1 c2
Event: 29.727 Thread 0x0000027c7a5056e0 DEOPT PACKING pc=0x0000027c07af7a94 sp=0x000000d916bfc7e0
Event: 29.728 Thread 0x0000027c7a5056e0 DEOPT UNPACKING pc=0x0000027c07587ba2 sp=0x000000d916bfc720 mode 2

Classes loaded (20 events):
Event: 28.767 Loading class sun/security/provider/SHA5 done
Event: 28.767 Loading class sun/security/provider/SHA5$SHA512 done
Event: 28.789 Loading class sun/security/provider/ByteArrayAccess$LE
Event: 28.790 Loading class sun/security/provider/ByteArrayAccess$LE done
Event: 29.113 Loading class java/io/File$TempDirectory
Event: 29.114 Loading class java/io/File$TempDirectory done
Event: 29.500 Loading class java/util/concurrent/Semaphore
Event: 29.500 Loading class java/util/concurrent/Semaphore done
Event: 29.519 Loading class java/nio/file/FileVisitOption
Event: 29.519 Loading class java/nio/file/FileVisitOption done
Event: 29.546 Loading class java/util/stream/ReduceOps$1
Event: 29.549 Loading class java/util/stream/ReduceOps$1 done
Event: 29.549 Loading class java/util/stream/ReduceOps$1ReducingSink
Event: 29.550 Loading class java/util/stream/ReduceOps$1ReducingSink done
Event: 30.074 Loading class java/util/function/LongPredicate
Event: 30.074 Loading class java/util/function/LongPredicate done
Event: 30.077 Loading class java/util/PrimitiveIterator$OfLong
Event: 30.077 Loading class java/util/PrimitiveIterator
Event: 30.077 Loading class java/util/PrimitiveIterator done
Event: 30.077 Loading class java/util/PrimitiveIterator$OfLong done

Classes unloaded (0 events):
No events

Classes redefined (0 events):
No events

Internal exceptions (20 events):
Event: 24.904 Thread 0x0000027c7a5077b0 Exception <a 'java/io/IOException'{0x00000000ec4a3058}> (0x00000000ec4a3058) 
thrown [s\src\hotspot\share\prims\jni.cpp, line 520]
Event: 25.314 Thread 0x0000027c7a5056e0 Exception <a 'java/lang/NoSuchMethodError'{0x00000000ebf0e1f8}: 'java.lang.Object java.lang.invoke.DirectMethodHandle$Holder.invokeVirtual(java.lang.Object, java.lang.Object, java.lang.Object, java.lang.Object, java.lang.Object, java.lang.Object, java.lang.Object)'> (0x00000000ebf0e1f8) 
thrown [s\src\hotspot\share\interpreter\linkResolver.cpp, line 773]
Event: 25.385 Thread 0x0000027c7a5056e0 Exception <a 'java/lang/NoSuchMethodError'{0x00000000ebf99520}: 'long java.lang.invoke.DirectMethodHandle$Holder.invokeInterface(java.lang.Object, java.lang.Object)'> (0x00000000ebf99520) 
thrown [s\src\hotspot\share\interpreter\linkResolver.cpp, line 773]
Event: 25.816 Thread 0x0000027c7a5056e0 Exception <a 'java/lang/NoSuchMethodError'{0x00000000ebbac088}: 'java.lang.Object java.lang.invoke.DirectMethodHandle$Holder.invokeVirtual(java.lang.Object, java.lang.Object, java.lang.Object, java.lang.Object, java.lang.Object, java.lang.Object, java.lang.Object, java.lang.Object, java.lang.Object, java.lang.Object, java.lang.Object, java.lang.Object)'> (0x00000000ebbac088) 
thrown [s\src\hotspot\share\interpreter\linkResolver.cpp, line 773]
Event: 25.817 Thread 0x0000027c7a5056e0 Exception <a 'java/lang/NoSuchMethodError'{0x00000000ebbb10b0}: 'java.lang.Object java.lang.invoke.DirectMethodHandle$Holder.invokeSpecial(java.lang.Object, java.lang.Object, java.lang.Object, java.lang.Object, java.lang.Object, java.lang.Object, java.lang.Object, java.lang.Object, java.lang.Object, java.lang.Object, java.lang.Object, java.lang.Object, java.lang.Object)'> (0x00000000ebbb10b0) 
thrown [s\src\hotspot\share\interpreter\linkResolver.cpp, line 773]
Event: 25.950 Thread 0x0000027c7a5056e0 Exception <a 'java/lang/NoSuchMethodError'{0x00000000eb942cb8}: 'void java.lang.invoke.DirectMethodHandle$Holder.invokeStatic(java.lang.Object, java.lang.Object, java.lang.Object, java.lang.Object)'> (0x00000000eb942cb8) 
thrown [s\src\hotspot\share\interpreter\linkResolver.cpp, line 773]
Event: 26.140 Thread 0x0000027c7a5056e0 Exception <a 'java/lang/NoSuchMethodError'{0x00000000eb9f0eb8}: 'int java.lang.invoke.DirectMethodHandle$Holder.invokeVirtual(java.lang.Object, java.lang.Object, java.lang.Object)'> (0x00000000eb9f0eb8) 
thrown [s\src\hotspot\share\interpreter\linkResolver.cpp, line 773]
Event: 26.334 Thread 0x0000027c7a5056e0 Exception <a 'java/lang/NoSuchMethodError'{0x00000000eb656900}: 'java.lang.Object java.lang.invoke.DirectMethodHandle$Holder.newInvokeSpecial(java.lang.Object, java.lang.Object, java.lang.Object, java.lang.Object, java.lang.Object, java.lang.Object)'> (0x00000000eb656900) 
thrown [s\src\hotspot\share\interpreter\linkResolver.cpp, line 773]
Event: 26.694 Thread 0x0000027c7a5056e0 Exception <a 'java/lang/NoSuchMethodError'{0x00000000eb4c7518}: 'void java.lang.invoke.DelegatingMethodHandle$Holder.reinvoke_L(java.lang.Object, java.lang.Object, java.lang.Object, java.lang.Object, java.lang.Object, java.lang.Object, java.lang.Object, java.lang.Object, java.lang.Object, java.lang.Object)'> (0x00000000eb4c7518) 
thrown [s\src\hotspot\share\interpreter\linkResolver.cpp, line 773]
Event: 26.711 Thread 0x0000027c7a5056e0 Exception <a 'java/lang/NoSuchMethodError'{0x00000000eb4ceff8}: 'java.lang.Object java.lang.invoke.Invokers$Holder.invoker(java.lang.Object, java.lang.Object, java.lang.Object, java.lang.Object, java.lang.Object, java.lang.Object, java.lang.Object, java.lang.Object, java.lang.Object, java.lang.Object)'> (0x00000000eb4ceff8) 
thrown [s\src\hotspot\share\interpreter\linkResolver.cpp, line 773]
Event: 27.556 Thread 0x0000027c7a5056e0 Exception <a 'java/lang/NoSuchMethodError'{0x00000000ead226a0}: 'void java.lang.invoke.DirectMethodHandle$Holder.invokeInterface(java.lang.Object, java.lang.Object)'> (0x00000000ead226a0) 
thrown [s\src\hotspot\share\interpreter\linkResolver.cpp, line 773]
Event: 27.557 Thread 0x0000027c7a5056e0 Exception <a 'java/lang/IncompatibleClassChangeError'{0x00000000ead25c20}: Found class java.lang.Object, but interface was expected> (0x00000000ead25c20) 
thrown [s\src\hotspot\share\interpreter\linkResolver.cpp, line 840]
Event: 27.626 Thread 0x0000027c7a5056e0 Exception <a 'java/lang/NoSuchMethodError'{0x00000000ead4ae28}: 'java.lang.Object java.lang.invoke.DirectMethodHandle$Holder.newInvokeSpecial(java.lang.Object, java.lang.Object, java.lang.Object, java.lang.Object, java.lang.Object, java.lang.Object, java.lang.Object, java.lang.Object)'> (0x00000000ead4ae28) 
thrown [s\src\hotspot\share\interpreter\linkResolver.cpp, line 773]
Event: 27.777 Thread 0x0000027c7a5056e0 Exception <a 'java/lang/NoSuchMethodError'{0x00000000eac5b8d8}: 'java.lang.Object java.lang.invoke.DirectMethodHandle$Holder.newInvokeSpecial(java.lang.Object, java.lang.Object, int)'> (0x00000000eac5b8d8) 
thrown [s\src\hotspot\share\interpreter\linkResolver.cpp, line 773]
Event: 28.936 Thread 0x0000027c7a5056e0 Exception <a 'java/lang/NoSuchMethodError'{0x00000000ea9edbf0}: 'java.lang.Object java.lang.invoke.DirectMethodHandle$Holder.invokeVirtual(java.lang.Object, java.lang.Object, java.lang.Object, java.lang.Object, java.lang.Object, java.lang.Object, java.lang.Object, java.lang.Object)'> (0x00000000ea9edbf0) 
thrown [s\src\hotspot\share\interpreter\linkResolver.cpp, line 773]
Event: 29.050 Thread 0x0000027c7a5056e0 Exception <a 'java/lang/NoSuchMethodError'{0x00000000ea78d760}: 'java.lang.Object java.lang.invoke.DirectMethodHandle$Holder.invokeVirtual(java.lang.Object, java.lang.Object, java.lang.Object, java.lang.Object, java.lang.Object, java.lang.Object, java.lang.Object, java.lang.Object, java.lang.Object, java.lang.Object)'> (0x00000000ea78d760) 
thrown [s\src\hotspot\share\interpreter\linkResolver.cpp, line 773]
Event: 29.312 Thread 0x0000027c7a5056e0 Exception <a 'java/lang/NoSuchMethodError'{0x00000000ea61b6b8}: 'void java.lang.invoke.DirectMethodHandle$Holder.invokeStaticInit(java.lang.Object, java.lang.Object, java.lang.Object, java.lang.Object)'> (0x00000000ea61b6b8) 
thrown [s\src\hotspot\share\interpreter\linkResolver.cpp, line 773]
Event: 29.537 Thread 0x0000027c7a5056e0 Exception <a 'java/lang/NoSuchMethodError'{0x00000000ea56ef58}: 'int java.lang.invoke.DirectMethodHandle$Holder.invokeSpecialIFC(java.lang.Object, java.lang.Object, java.lang.Object, java.lang.Object)'> (0x00000000ea56ef58) 
thrown [s\src\hotspot\share\interpreter\linkResolver.cpp, line 773]
Event: 29.545 Thread 0x0000027c7a5056e0 Exception <a 'java/lang/IncompatibleClassChangeError'{0x00000000ea57c7d8}: Found class java.lang.Object, but interface was expected> (0x00000000ea57c7d8) 
thrown [s\src\hotspot\share\interpreter\linkResolver.cpp, line 840]
Event: 29.722 Thread 0x0000027c7a5056e0 Implicit null exception at 0x0000027c07af79e6 to 0x0000027c07af7a8a

ZGC Phase Switch (0 events):
No events

VM Operations (20 events):
Event: 22.157 Executing non-safepoint VM operation: HandshakeAllThreads (Deoptimize)
Event: 22.157 Executing non-safepoint VM operation: HandshakeAllThreads (Deoptimize) done
Event: 22.158 Executing non-safepoint VM operation: HandshakeAllThreads (Deoptimize)
Event: 22.158 Executing non-safepoint VM operation: HandshakeAllThreads (Deoptimize) done
Event: 23.168 Executing safepoint VM operation: Cleanup
Event: 23.180 Executing safepoint VM operation: Cleanup done
Event: 24.182 Executing safepoint VM operation: Cleanup
Event: 24.183 Executing safepoint VM operation: Cleanup done
Event: 25.189 Executing safepoint VM operation: Cleanup
Event: 25.205 Executing safepoint VM operation: Cleanup done
Event: 26.211 Executing safepoint VM operation: Cleanup
Event: 26.211 Executing safepoint VM operation: Cleanup done
Event: 27.218 Executing safepoint VM operation: Cleanup
Event: 27.219 Executing safepoint VM operation: Cleanup done
Event: 27.768 Executing non-safepoint VM operation: HandshakeAllThreads (Deoptimize)
Event: 27.768 Executing non-safepoint VM operation: HandshakeAllThreads (Deoptimize) done
Event: 28.771 Executing safepoint VM operation: Cleanup
Event: 28.787 Executing safepoint VM operation: Cleanup done
Event: 29.793 Executing safepoint VM operation: Cleanup
Event: 29.809 Executing safepoint VM operation: Cleanup done

Memory protections (0 events):
No events

Nmethod flushes (0 events):
No events

Events (20 events):
Event: 24.077 Thread 0x0000027c7a5056e0 Thread added: 0x0000027c7a506a90
Event: 24.130 Thread 0x0000027c7a5056e0 Thread added: 0x0000027c7a507120
Event: 24.246 Thread 0x0000027c7a507120 Thread exited: 0x0000027c7a507120
Event: 24.257 Thread 0x0000027c7a506a90 Thread exited: 0x0000027c7a506a90
Event: 24.259 Thread 0x0000027c7a506400 Thread exited: 0x0000027c7a506400
Event: 24.400 Thread 0x0000027c7a505d70 Thread exited: 0x0000027c7a505d70
Event: 24.418 Thread 0x0000027c7a507e40 Thread exited: 0x0000027c7a507e40
Event: 24.643 Thread 0x0000027c243f2160 Thread added: 0x0000027c7a5084d0
Event: 24.671 Thread 0x0000027c7a505050 Thread added: 0x0000027c7a5077b0
Event: 24.688 Thread 0x0000027c243f2160 Thread added: 0x0000027c7a506a90
Event: 24.757 Thread 0x0000027c7a505050 Thread added: 0x0000027c7a505d70
Event: 24.904 Thread 0x0000027c7a505d70 Thread exited: 0x0000027c7a505d70
Event: 24.913 Thread 0x0000027c7a5077b0 Thread exited: 0x0000027c7a5077b0
Event: 24.917 Thread 0x0000027c7a5056e0 Thread added: 0x0000027c7a505d70
Event: 24.921 Thread 0x0000027c7a5056e0 Thread added: 0x0000027c7a506400
Event: 24.923 Thread 0x0000027c7a5056e0 Thread added: 0x0000027c7a507120
Event: 27.769 Thread 0x0000027c7a5056e0 Thread added: 0x0000027c7a5077b0
Event: 27.839 Thread 0x0000027c7a5056e0 Thread added: 0x0000027c7a507e40
Event: 28.960 Thread 0x0000027c7a5056e0 Thread added: 0x0000027c2496f840
Event: 29.027 Thread 0x0000027c7a507e40 Thread added: 0x0000027c2496f1b0


Dynamic libraries:
0x00007ff64bfa0000 - 0x00007ff64bfae000 	C:\Users\isabo\.vscode\extensions\redhat.java-1.56.0-win32-x64\jre\21.0.12.1-win32-x86_64\bin\java.exe
0x00007ffe80b40000 - 0x00007ffe80da7000 	C:\WINDOWS\SYSTEM32\ntdll.dll
0x00007ffe7eb40000 - 0x00007ffe7ec0b000 	C:\WINDOWS\System32\KERNEL32.DLL
0x00007ffe7deb0000 - 0x00007ffe7e2b2000 	C:\WINDOWS\System32\KERNELBASE.dll
0x00007ffe7e2c0000 - 0x00007ffe7e40c000 	C:\WINDOWS\System32\ucrtbase.dll
0x00007ffe41ea0000 - 0x00007ffe41eb8000 	C:\Users\isabo\.vscode\extensions\redhat.java-1.56.0-win32-x64\jre\21.0.12.1-win32-x86_64\bin\jli.dll
0x00007ffe80380000 - 0x00007ffe8054f000 	C:\WINDOWS\System32\USER32.dll
0x00007ffe7dd40000 - 0x00007ffe7dd67000 	C:\WINDOWS\System32\win32u.dll
0x00007ffe808a0000 - 0x00007ffe808cb000 	C:\WINDOWS\System32\GDI32.dll
0x00007ffe7e4e0000 - 0x00007ffe7e609000 	C:\WINDOWS\System32\gdi32full.dll
0x00007ffe7dd70000 - 0x00007ffe7de13000 	C:\WINDOWS\System32\msvcp_win.dll
0x00007ffe41a30000 - 0x00007ffe41a4e000 	C:\Users\isabo\.vscode\extensions\redhat.java-1.56.0-win32-x64\jre\21.0.12.1-win32-x86_64\bin\VCRUNTIME140.dll
0x00007ffe69240000 - 0x00007ffe694d0000 	C:\WINDOWS\WinSxS\amd64_microsoft.windows.common-controls_6595b64144ccf1df_6.0.26100.9278_none_3e0d1ba8e3303201\COMCTL32.dll
0x00007ffe806e0000 - 0x00007ffe80789000 	C:\WINDOWS\System32\msvcrt.dll
0x00007ffe808d0000 - 0x00007ffe80901000 	C:\WINDOWS\System32\IMM32.DLL
0x00007ffe6a2f0000 - 0x00007ffe6a2fc000 	C:\Users\isabo\.vscode\extensions\redhat.java-1.56.0-win32-x64\jre\21.0.12.1-win32-x86_64\bin\vcruntime140_1.dll
0x00007ffe19de0000 - 0x00007ffe19e6d000 	C:\Users\isabo\.vscode\extensions\redhat.java-1.56.0-win32-x64\jre\21.0.12.1-win32-x86_64\bin\msvcp140.dll
0x00007ffda5310000 - 0x00007ffda60b2000 	C:\Users\isabo\.vscode\extensions\redhat.java-1.56.0-win32-x64\jre\21.0.12.1-win32-x86_64\bin\server\jvm.dll
0x00007ffe80160000 - 0x00007ffe8021c000 	C:\WINDOWS\System32\ADVAPI32.dll
0x00007ffe7ec10000 - 0x00007ffe7ecb9000 	C:\WINDOWS\System32\sechost.dll
0x00007ffe7ecc0000 - 0x00007ffe7edd8000 	C:\WINDOWS\System32\RPCRT4.dll
0x00007ffe80a70000 - 0x00007ffe80af0000 	C:\WINDOWS\System32\WS2_32.dll
0x00007ffe7dbc0000 - 0x00007ffe7dc1e000 	C:\WINDOWS\SYSTEM32\POWRPROF.dll
0x00007ffe6b6a0000 - 0x00007ffe6b6d6000 	C:\WINDOWS\SYSTEM32\WINMM.dll
0x00007ffe74070000 - 0x00007ffe7407b000 	C:\WINDOWS\SYSTEM32\VERSION.dll
0x00007ffe7dba0000 - 0x00007ffe7dbb5000 	C:\WINDOWS\SYSTEM32\UMPDC.dll
0x00007ffe7c9d0000 - 0x00007ffe7c9eb000 	C:\WINDOWS\SYSTEM32\kernel.appcore.dll
0x00007ffe583c0000 - 0x00007ffe583ca000 	C:\Users\isabo\.vscode\extensions\redhat.java-1.56.0-win32-x64\jre\21.0.12.1-win32-x86_64\bin\jimage.dll
0x00007ffe7b430000 - 0x00007ffe7b67c000 	C:\WINDOWS\SYSTEM32\DBGHELP.DLL
0x00007ffe7fd40000 - 0x00007ffe800c5000 	C:\WINDOWS\System32\combase.dll
0x00007ffe7f2c0000 - 0x00007ffe7f399000 	C:\WINDOWS\System32\OLEAUT32.dll
0x00007ffe695c0000 - 0x00007ffe695fb000 	C:\WINDOWS\SYSTEM32\dbgcore.DLL
0x00007ffe7e420000 - 0x00007ffe7e4cc000 	C:\WINDOWS\System32\bcryptPrimitives.dll
0x00007ffe57bb0000 - 0x00007ffe57bbf000 	C:\Users\isabo\.vscode\extensions\redhat.java-1.56.0-win32-x64\jre\21.0.12.1-win32-x86_64\bin\instrument.dll
0x00007ffe41a10000 - 0x00007ffe41a30000 	C:\Users\isabo\.vscode\extensions\redhat.java-1.56.0-win32-x64\jre\21.0.12.1-win32-x86_64\bin\java.dll
0x00007ffe7f580000 - 0x00007ffe7fd18000 	C:\WINDOWS\System32\SHELL32.dll
0x00007ffe7b780000 - 0x00007ffe7c02e000 	C:\WINDOWS\SYSTEM32\windows.storage.dll
0x00007ffe80910000 - 0x00007ffe80a0b000 	C:\WINDOWS\System32\SHCORE.dll
0x00007ffe80790000 - 0x00007ffe807f6000 	C:\WINDOWS\System32\shlwapi.dll
0x00007ffe7dc60000 - 0x00007ffe7dc89000 	C:\WINDOWS\SYSTEM32\profapi.dll
0x00007ffe41950000 - 0x00007ffe41968000 	C:\Users\isabo\.vscode\extensions\redhat.java-1.56.0-win32-x64\jre\21.0.12.1-win32-x86_64\bin\zip.dll
0x00007ffe57ba0000 - 0x00007ffe57bb0000 	C:\Users\isabo\.vscode\extensions\redhat.java-1.56.0-win32-x64\jre\21.0.12.1-win32-x86_64\bin\net.dll
0x00007ffe703d0000 - 0x00007ffe704fa000 	C:\WINDOWS\SYSTEM32\WINHTTP.dll
0x00007ffe7cf70000 - 0x00007ffe7cfdc000 	C:\WINDOWS\system32\mswsock.dll
0x00007ffe41930000 - 0x00007ffe41946000 	C:\Users\isabo\.vscode\extensions\redhat.java-1.56.0-win32-x64\jre\21.0.12.1-win32-x86_64\bin\nio.dll
0x00007ffe56bc0000 - 0x00007ffe56bd0000 	C:\Users\isabo\.vscode\extensions\redhat.java-1.56.0-win32-x64\jre\21.0.12.1-win32-x86_64\bin\verify.dll
0x00007ffdb4a60000 - 0x00007ffdb4a87000 	C:\Users\isabo\.gradle\native\660c5614fbf4a5f2a75b1949f50a0caf5cd603558e7d8a26e50b933a0cfb79d1\windows-amd64\native-platform.dll
0x00007ffe184b0000 - 0x00007ffe18527000 	C:\Users\isabo\.gradle\native\0.2.8\x86_64-windows-gnu\gradle-fileevents.dll
0x00007ffe53c00000 - 0x00007ffe53c0a000 	C:\Users\isabo\.vscode\extensions\redhat.java-1.56.0-win32-x64\jre\21.0.12.1-win32-x86_64\bin\management.dll
0x00007ffe50360000 - 0x00007ffe5036c000 	C:\Users\isabo\.vscode\extensions\redhat.java-1.56.0-win32-x64\jre\21.0.12.1-win32-x86_64\bin\management_ext.dll
0x00007ffe800d0000 - 0x00007ffe800d8000 	C:\WINDOWS\System32\PSAPI.DLL
0x00007ffe7c380000 - 0x00007ffe7c3b3000 	C:\WINDOWS\SYSTEM32\IPHLPAPI.DLL
0x00007ffe80890000 - 0x00007ffe8089a000 	C:\WINDOWS\System32\NSI.dll
0x00007ffe57bc0000 - 0x00007ffe57bc9000 	C:\Users\isabo\.vscode\extensions\redhat.java-1.56.0-win32-x64\jre\21.0.12.1-win32-x86_64\bin\extnet.dll
0x00007ffe7d390000 - 0x00007ffe7d3ab000 	C:\WINDOWS\SYSTEM32\CRYPTSP.dll
0x00007ffe7c930000 - 0x00007ffe7c969000 	C:\WINDOWS\system32\rsaenh.dll
0x00007ffe7d020000 - 0x00007ffe7d054000 	C:\WINDOWS\SYSTEM32\USERENV.dll
0x00007ffe7dc30000 - 0x00007ffe7dc5a000 	C:\WINDOWS\SYSTEM32\bcrypt.dll
0x00007ffe7d360000 - 0x00007ffe7d36c000 	C:\WINDOWS\SYSTEM32\CRYPTBASE.dll
0x00007ffe55bc0000 - 0x00007ffe55bce000 	C:\Users\isabo\.vscode\extensions\redhat.java-1.56.0-win32-x64\jre\21.0.12.1-win32-x86_64\bin\sunmscapi.dll
0x00007ffe7e6d0000 - 0x00007ffe7e84e000 	C:\WINDOWS\System32\CRYPT32.dll
0x00007ffe7d500000 - 0x00007ffe7d530000 	C:\WINDOWS\SYSTEM32\ncrypt.dll
0x00007ffe7d4b0000 - 0x00007ffe7d4ef000 	C:\WINDOWS\SYSTEM32\NTASN1.dll
0x00007ffe4ab20000 - 0x00007ffe4ab28000 	C:\WINDOWS\system32\wshunix.dll

JVMTI agents:
C:\Users\isabo\.gradle\wrapper\dists\gradle-9.5.1-bin\iq79hdu3mqx29lgffhp8bfmx\gradle-9.5.1\lib\agents\gradle-instrumentation-agent-9.5.1.jar path:C:\Users\isabo\.vscode\extensions\redhat.java-1.56.0-win32-x64\jre\21.0.12.1-win32-x86_64\bin\instrument.dll, loaded, initialized, instrumentlib options:none

dbghelp: loaded successfully - version: 4.0.5 - missing functions: none
symbol engine: initialized successfully - sym options: 0x614 - pdb path: .;C:\Users\isabo\.vscode\extensions\redhat.java-1.56.0-win32-x64\jre\21.0.12.1-win32-x86_64\bin;C:\WINDOWS\SYSTEM32;C:\WINDOWS\WinSxS\amd64_microsoft.windows.common-controls_6595b64144ccf1df_6.0.26100.9278_none_3e0d1ba8e3303201;C:\Users\isabo\.vscode\extensions\redhat.java-1.56.0-win32-x64\jre\21.0.12.1-win32-x86_64\bin\server;C:\Users\isabo\.gradle\native\660c5614fbf4a5f2a75b1949f50a0caf5cd603558e7d8a26e50b933a0cfb79d1\windows-amd64;C:\Users\isabo\.gradle\native\0.2.8\x86_64-windows-gnu

VM Arguments:
jvm_args: --add-opens=java.base/java.lang=ALL-UNNAMED --add-opens=java.base/java.lang.invoke=ALL-UNNAMED --add-opens=java.base/java.util=ALL-UNNAMED --add-opens=java.prefs/java.util.prefs=ALL-UNNAMED --add-exports=jdk.compiler/com.sun.tools.javac.api=ALL-UNNAMED --add-exports=jdk.compiler/com.sun.tools.javac.util=ALL-UNNAMED --add-opens=java.base/java.nio.charset=ALL-UNNAMED --add-opens=java.base/java.net=ALL-UNNAMED --add-opens=java.base/java.util.concurrent=ALL-UNNAMED --add-opens=java.base/java.util.concurrent.atomic=ALL-UNNAMED --add-opens=java.xml/javax.xml.namespace=ALL-UNNAMED --add-opens=java.base/java.time=ALL-UNNAMED -XX:MaxMetaspaceSize=384m -XX:+HeapDumpOnOutOfMemoryError -Xms256m -Xmx512m -Dfile.encoding=UTF-8 -Duser.country=ES -Duser.language=es -Duser.variant -javaagent:C:\Users\isabo\.gradle\wrapper\dists\gradle-9.5.1-bin\iq79hdu3mqx29lgffhp8bfmx\gradle-9.5.1\lib\agents\gradle-instrumentation-agent-9.5.1.jar 
java_command: org.gradle.launcher.daemon.bootstrap.GradleDaemon 9.5.1
java_class_path (initial): C:\Users\isabo\.gradle\wrapper\dists\gradle-9.5.1-bin\iq79hdu3mqx29lgffhp8bfmx\gradle-9.5.1\lib\gradle-daemon-main-9.5.1.jar
Launcher Type: SUN_STANDARD

[Global flags]
     intx CICompilerCount                          = 4                                         {product} {ergonomic}
   size_t CompressedClassSpaceSize                 = 335544320                                 {product} {ergonomic}
     uint ConcGCThreads                            = 2                                         {product} {ergonomic}
     uint G1ConcRefinementThreads                  = 8                                         {product} {ergonomic}
   size_t G1HeapRegionSize                         = 1048576                                   {product} {ergonomic}
    uintx GCDrainStackTargetSize                   = 64                                        {product} {ergonomic}
     bool HeapDumpOnOutOfMemoryError               = true                                   {manageable} {command line}
   size_t InitialHeapSize                          = 268435456                                 {product} {command line}
   size_t MarkStackSize                            = 4194304                                   {product} {ergonomic}
   size_t MaxHeapSize                              = 536870912                                 {product} {command line}
   size_t MaxMetaspaceSize                         = 402653184                                 {product} {command line}
   size_t MaxNewSize                               = 321912832                                 {product} {ergonomic}
   size_t MinHeapDeltaBytes                        = 1048576                                   {product} {ergonomic}
   size_t MinHeapSize                              = 268435456                                 {product} {command line}
    uintx NonNMethodCodeHeapSize                   = 5839372                                {pd product} {ergonomic}
    uintx NonProfiledCodeHeapSize                  = 122909434                              {pd product} {ergonomic}
    uintx ProfiledCodeHeapSize                     = 122909434                              {pd product} {ergonomic}
    uintx ReservedCodeCacheSize                    = 251658240                              {pd product} {ergonomic}
     bool SegmentedCodeCache                       = true                                      {product} {ergonomic}
   size_t SoftMaxHeapSize                          = 536870912                              {manageable} {ergonomic}
     bool UseCompressedOops                        = true                           {product lp64_product} {ergonomic}
     bool UseG1GC                                  = true                                      {product} {ergonomic}
     bool UseLargePagesIndividualAllocation        = false                                  {pd product} {ergonomic}

Logging:
Log output configuration:
 #0: stdout all=warning uptime,level,tags foldmultilines=false
 #1: stderr all=off uptime,level,tags foldmultilines=false

Release file:
JAVA_VERSION="21.0.12.1" 
MODULES="java.base java.compiler java.datatransfer java.xml java.prefs java.desktop java.instrument java.logging java.management java.security.sasl java.naming java.rmi java.management.rmi java.net.http java.scripting java.security.jgss java.transaction.xa java.sql java.sql.rowset java.xml.crypto java.se java.smartcardio jdk.accessibility jdk.internal.jvmstat jdk.attach jdk.charsets jdk.internal.opt jdk.zipfs jdk.compiler jdk.crypto.ec jdk.crypto.cryptoki jdk.crypto.mscapi jdk.dynalink jdk.internal.ed jdk.editpad jdk.hotspot.agent jdk.httpserver jdk.internal.le jdk.internal.vm.ci jdk.internal.vm.compiler jdk.internal.vm.compiler.management jdk.jartool jdk.javadoc jdk.jcmd jdk.management jdk.management.agent jdk.jconsole jdk.jdeps jdk.jdwp.agent jdk.jdi jdk.jfr jdk.jshell jdk.jsobject jdk.jstatd jdk.localedata jdk.management.jfr jdk.naming.dns jdk.naming.rmi jdk.net jdk.nio.mapmode jdk.random jdk.sctp jdk.security.auth jdk.security.jgss jdk.unsupported jdk.unsupported.desktop jdk.xml.dom" 

Environment Variables:
JAVA_HOME=C:\Program Files (x86)\Java\jdk-21.0.2
PATH=C:\Python312\Scripts\;C:\Python312\;C:\Program Files\Common Files\Oracle\Java\javapath;C:\Program Files (x86)\Common Files\Oracle\Java\java8path;C:\Program Files (x86)\VMware\VMware Player\bin\;C:\WINDOWS\system32;C:\WINDOWS;C:\WINDOWS\System32\Wbem;C:\WINDOWS\System32\WindowsPowerShell\v1.0\;C:\WINDOWS\System32\OpenSSH\;C:\Program Files (x86)\Bitvise SSH Client;C:\Program Files\PuTTY\;C:\Kubernetes;C:\programacion\apache-maven-3.8.3\bin;C:\programacion\apache-ant-1.10.11-bin\apache-ant-1.10.11\bin;C:\Program Files (x86)\dotnet\;C:\Program Files\dotnet\;C:\Program Files\OpenVPN\bin;C:\programacion\gradle\bin;C:\programacion\kubectl;C:\Program Files\MySQL\MySQL Server 8.0\bin;C:\programacion\helm\windows-amd64;C:\Program Files\Java\jdk-17.0.2\bin;C:\Program Files\nodejs\;C:\ProgramData\chocolatey\bin;C:\Program Files\AutoFirma\AutoFirma;C:\programacion\Artemis\apache-artemis-2.32.0\bin;C:\Program Files\PostgreSQL\16\bin;C:\tools\gsudo\Current;C:\Program Files\Docker\Docker\resources\bin;C:\texlive\2026\bin\windows;C:\programacion\node\node_modules\npm\bin;C:\Users\isabo\.jbang\bin;C:\Program Files\Ruby31-x64\bin;C:\Users\isabo\AppData\Local\Microsoft\WindowsApps;C:\Users\isabo\AppData\Local\Programs\Git\cmd;C:\Users\isabo\AppData\Local\Programs\Microsoft VS Code\bin;C:\Users\isabo\AppData\Local\Microsoft\WinGet\Packages\cURL.cURL_Microsoft.Winget.Source_8wekyb3d8bbwe\curl-8.4.0_3-win64-mingw\bin;C:\Users\isabo\AppData\Roaming\npm;C:\texlive\2026\bin\windows
USERNAME=isabo
OS=Windows_NT
PROCESSOR_IDENTIFIER=Intel64 Family 6 Model 126 Stepping 5, GenuineIntel
TMP=C:\Users\isabo\AppData\Local\Temp
TEMP=C:\Users\isabo\AppData\Local\Temp




Periodic native trim disabled

---------------  S Y S T E M  ---------------

OS:
 Windows 11 , 64 bit Build 26100 (10.0.26100.9444)
OS uptime: 5 days 5:13 hours
Hyper-V role detected

CPU: total 8 (initial active 8) (4 cores per cpu, 2 threads per core) family 6 model 126 stepping 5 microcode 0x86, cx8, cmov, fxsr, ht, mmx, 3dnowpref, sse, sse2, sse3, ssse3, sse4.1, sse4.2, popcnt, lzcnt, tsc, tscinvbit, avx, avx2, aes, erms, clmul, bmi1, bmi2, adx, avx512f, avx512dq, avx512cd, avx512bw, avx512vl, sha, fma, vzeroupper, avx512_vpopcntdq, avx512_vpclmulqdq, avx512_vaes, avx512_vnni, clflush, clflushopt, avx512_vbmi2, avx512_vbmi, hv, rdtscp, rdpid, fsrm, gfni, avx512_bitalg, f16c, avx512_ifma
Processor Information for the first 8 processors :
  Max Mhz: 1190, Current Mhz: 991, Mhz Limit: 987

Memory: 4k page, system-wide physical 7948M (218M free)
TotalPageFile size 32524M (AvailPageFile size 53M)
current process WorkingSet (physical memory assigned to process): 216M, peak: 219M
current process commit charge ("private bytes"): 422M, peak: 425M

vm_info: OpenJDK 64-Bit Server VM (21.0.12.1+1-LTS) for windows-amd64 JRE (21.0.12.1+1-LTS), built on 2026-08-18T00:00:00Z by "admin" with MS VC++ 17.12 (VS2022)

END.
